fecha,year,week_iso,week_start_date,week_end_date,weekday,salidas_forecast,salidas_2024,salidas_real_2026,recogidas_forecast,recogidas_2024,recogidas_real_2026,pick_lines_forecast,pick_lines_2024,pick_lines_real_2026,cutoff_date,forecast_snapshot_date,year_target,comparison_year
2026-01-02,2026,1,2025-12-29,2026-01-04,4,0.0,1.0,2.0,0.0,0.0,1.0,0.0,15.0,0.0,2026-03-16,2026-03-16,2026,2024
2026-01-04,2026,1,2025-12-29,2026-01-04,6,0.0,0.0,0.0,0.0,0.0,0.0,0.0,0.0,0.0,2026-03-16,2026-03-16,2026,2024
2026-01-05,2026,2,2026-01-05,2026-01-11,0,0.0,4.0,0.0,0.0,5.0,0.0,0.0,34.0,7.0,2026-03-16,2026-03-16,2026,2024
2026-01-06,2026,2,2026-01-05,2026-01-11,1,0.0,17.0,0.0,0.0,2.0,0.0,0.0,50.0,0.0,2026-03-16,2026-03-16,2026,2024
2026-01-07,2026,2,2026-01-05,2026-01-11,2,0.0,27.0,6.0,0.0,0.0,0.0,0.0,33.0,28.0,2026-03-16,2026-03-16,2026,2024
2026-01-08,2026,2,2026-01-05,2026-01-11,3,0.0,14.0,3.0,0.0,1.0,1.0,0.0,20.0,0.0,2026-03-16,2026-03-16,2026,2024
2026-01-09,2026,2,2026-01-05,2026-01-11,4,0.0,20.0,2.0,0.0,1.0,1.0,0.0,42.0,5.0,2026-03-16,2026-03-16,2026,2024
2026-01-11,2026,2,2026-01-05,2026-01-11,6,0.0,0.0,0.0,0.0,3.0,1.0,0.0,0.0,0.0,2026-03-16,2026-03-16,2026,2024
2026-01-12,2026,3,2026-01-12,2026-01-18,0,0.0,28.0,4.0,0.0,1.0,2.0,0.0,53.0,18.0,2026-03-16,2026-03-16,2026,2024
2026-01-13,2026,3,2026-01-12,2026-01-18,1,0.0,23.0,9.0,0.0,2.0,4.0,0.0,51.0,9.0,2026-03-16,2026-03-16,2026,2024
2026-01-14,2026,3,2026-01-12,2026-01-18,2,0.0,23.0,6.0,0.0,0.0,1.0,0.0,29.0,10.0,2026-03-16,2026-03-16,2026,2024
2026-01-15,2026,3,2026-01-12,2026-01-18,3,0.0,28.0,6.0,0.0,5.0,2.0,0.0,38.0,3.0,2026-03-16,2026-03-16,2026,2024
2026-01-16,2026,3,2026-01-12,2026-01-18,4,0.0,9.0,5.0,0.0,6.0,2.0,0.0,42.0,29.0,2026-03-16,2026-03-16,2026,2024
2026-01-19,2026,4,2026-01-19,2026-01-25,0,0.0,12.0,8.0,0.0,2.0,2.0,0.0,95.0,80.0,2026-03-16,2026-03-16,2026,2024
2026-01-20,2026,4,2026-01-19,2026-01-25,1,0.0,24.0,17.0,0.0,1.0,7.0,0.0,41.0,44.0,2026-03-16,2026-03-16,2026,2024
2026-01-21,2026,4,2026-01-19,2026-01-25,2,0.0,33.0,17.0,0.0,2.0,7.0,0.0,78.0,47.0,2026-03-16,2026-03-16,2026,2024
2026-01-22,2026,4,2026-01-19,2026-01-25,3,0.0,16.0,15.0,0.0,4.0,4.0,0.0,57.0,105.0,2026-03-16,2026-03-16,2026,2024
2026-01-23,2026,4,2026-01-19,2026-01-25,4,0.0,43.0,27.0,0.0,3.0,7.0,0.0,141.0,114.0,2026-03-16,2026-03-16,2026,2024
2026-01-24,2026,4,2026-01-19,2026-01-25,5,0.0,2.0,3.0,0.0,1.0,1.0,0.0,0.0,0.0,2026-03-16,2026-03-16,2026,2024
2026-01-25,2026,4,2026-01-19,2026-01-25,6,0.0,0.0,2.0,0.0,6.0,5.0,0.0,0.0,2.0,2026-03-16,2026-03-16,2026,2024
2026-01-26,2026,5,2026-01-26,2026-02-01,0,0.0,46.0,24.0,0.0,3.0,7.0,0.0,41.0,41.0,2026-03-16,2026-03-16,2026,2024
2026-01-27,2026,5,2026-01-26,2026-02-01,1,0.0,18.0,12.0,0.0,3.0,1.0,0.0,34.0,12.0,2026-03-16,2026-03-16,2026,2024
2026-01-28,2026,5,2026-01-26,2026-02-01,2,0.0,6.0,10.0,0.0,10.0,6.0,0.0,53.0,10.0,2026-03-16,2026-03-16,2026,2024
2026-01-29,2026,5,2026-01-26,2026-02-01,3,0.0,32.0,12.0,0.0,4.0,9.0,0.0,45.0,57.0,2026-03-16,2026-03-16,2026,2024
2026-01-30,2026,5,2026-01-26,2026-02-01,4,0.0,16.0,8.0,0.0,2.0,2.0,0.0,28.0,58.0,2026-03-16,2026-03-16,2026,2024
2026-01-31,2026,5,2026-01-26,2026-02-01,5,0.0,4.0,0.0,0.0,2.0,1.0,0.0,0.0,0.0,2026-03-16,2026-03-16,2026,2024
2026-02-01,2026,5,2026-01-26,2026-02-01,6,0.0,0.0,2.0,0.0,2.0,2.0,0.0,0.0,0.0,2026-03-16,2026-03-16,2026,2024
2026-02-02,2026,6,2026-02-02,2026-02-08,0,0.0,16.0,14.0,0.0,5.0,6.0,0.0,110.0,36.0,2026-03-16,2026-03-16,2026,2024
2026-02-03,2026,6,2026-02-02,2026-02-08,1,0.0,24.0,6.0,0.0,2.0,5.0,0.0,17.0,21.0,2026-03-16,2026-03-16,2026,2024
2026-02-04,2026,6,2026-02-02,2026-02-08,2,0.0,18.0,46.0,0.0,2.0,4.0,0.0,41.0,51.0,2026-03-16,2026-03-16,2026,2024
2026-02-05,2026,6,2026-02-02,2026-02-08,3,0.0,16.0,14.0,0.0,0.0,2.0,0.0,27.0,49.0,2026-03-16,2026-03-16,2026,2024
2026-02-06,2026,6,2026-02-02,2026-02-08,4,0.0,14.0,25.0,0.0,6.0,4.0,0.0,38.0,63.0,2026-03-16,2026-03-16,2026,2024
2026-02-07,2026,6,2026-02-02,2026-02-08,5,0.0,2.0,56.0,0.0,0.0,0.0,0.0,0.0,0.0,2026-03-16,2026-03-16,2026,2024
2026-02-08,2026,6,2026-02-02,2026-02-08,6,0.0,0.0,1.0,0.0,1.0,2.0,0.0,0.0,0.0,2026-03-16,2026-03-16,2026,2024
2026-02-09,2026,7,2026-02-09,2026-02-15,0,0.0,12.0,11.0,0.0,6.0,2.0,0.0,56.0,12.0,2026-03-16,2026-03-16,2026,2024
2026-02-10,2026,7,2026-02-09,2026-02-15,1,0.0,7.0,48.0,0.0,3.0,1.0,0.0,62.0,48.0,2026-03-16,2026-03-16,2026,2024
2026-02-11,2026,7,2026-02-09,2026-02-15,2,0.0,13.0,26.0,0.0,5.0,5.0,0.0,68.0,68.0,2026-03-16,2026-03-16,2026,2024
2026-02-12,2026,7,2026-02-09,2026-02-15,3,0.0,40.0,33.0,0.0,1.0,4.0,0.0,55.0,39.0,2026-03-16,2026-03-16,2026,2024
2026-02-13,2026,7,2026-02-09,2026-02-15,4,0.0,14.0,21.0,0.0,3.0,2.0,0.0,160.0,55.0,2026-03-16,2026-03-16,2026,2024
2026-02-14,2026,7,2026-02-09,2026-02-15,5,0.0,9.0,58.0,0.0,2.0,1.0,0.0,0.0,0.0,2026-03-16,2026-03-16,2026,2024
2026-02-15,2026,7,2026-02-09,2026-02-15,6,0.0,1.0,5.0,0.0,0.0,3.0,0.0,0.0,0.0,2026-03-16,2026-03-16,2026,2024
2026-02-16,2026,8,2026-02-16,2026-02-22,0,0.0,34.0,12.0,0.0,4.0,2.0,0.0,94.0,40.0,2026-03-16,2026-03-16,2026,2024
2026-02-17,2026,8,2026-02-16,2026-02-22,1,0.0,42.0,15.0,0.0,4.0,2.0,0.0,79.0,42.0,2026-03-16,2026-03-16,2026,2024
2026-02-18,2026,8,2026-02-16,2026-02-22,2,0.0,10.0,56.0,0.0,21.0,5.0,0.0,25.0,100.0,2026-03-16,2026-03-16,2026,2024
2026-02-19,2026,8,2026-02-16,2026-02-22,3,0.0,17.0,20.0,0.0,3.0,2.0,0.0,63.0,38.0,2026-03-16,2026-03-16,2026,2024
2026-02-20,2026,8,2026-02-16,2026-02-22,4,0.0,37.0,32.0,0.0,2.0,4.0,0.0,66.0,81.0,2026-03-16,2026-03-16,2026,2024
2026-02-21,2026,8,2026-02-16,2026-02-22,5,0.0,0.0,92.0,0.0,0.0,0.0,0.0,0.0,0.0,2026-03-16,2026-03-16,2026,2024
2026-02-22,2026,8,2026-02-16,2026-02-22,6,0.0,1.0,0.0,0.0,1.0,1.0,0.0,0.0,0.0,2026-03-16,2026-03-16,2026,2024
2026-02-23,2026,9,2026-02-23,2026-03-01,0,0.0,42.0,30.0,0.0,6.0,2.0,0.0,99.0,11.0,2026-03-16,2026-03-16,2026,2024
2026-02-24,2026,9,2026-02-23,2026-03-01,1,0.0,48.0,34.0,0.0,0.0,2.0,0.0,22.0,35.0,2026-03-16,2026-03-16,2026,2024
2026-02-25,2026,9,2026-02-23,2026-03-01,2,0.0,25.0,31.0,0.0,3.0,2.0,0.0,82.0,100.0,2026-03-16,2026-03-16,2026,2024
2026-02-26,2026,9,2026-02-23,2026-03-01,3,0.0,18.0,36.0,0.0,2.0,4.0,0.0,90.0,25.0,2026-03-16,2026-03-16,2026,2024
2026-02-27,2026,9,2026-02-23,2026-03-01,4,0.0,39.0,6.0,0.0,2.0,3.0,0.0,34.0,69.0,2026-03-16,2026-03-16,2026,2024
2026-02-28,2026,9,2026-02-23,2026-03-01,5,0.0,2.0,48.0,0.0,2.0,1.0,0.0,0.0,0.0,2026-03-16,2026-03-16,2026,2024
2026-03-01,2026,9,2026-02-23,2026-03-01,6,0.0,1.0,0.0,0.0,4.0,1.0,0.0,0.0,0.0,2026-03-16,2026-03-16,2026,2024
2026-03-02,2026,10,2026-03-02,2026-03-08,0,0.0,24.0,20.0,0.0,2.0,8.0,0.0,168.0,50.0,2026-03-16,2026-03-16,2026,2024
2026-03-03,2026,10,2026-03-02,2026-03-08,1,0.0,22.0,20.0,0.0,4.0,4.0,0.0,139.0,40.0,2026-03-16,2026-03-16,2026,2024
2026-03-04,2026,10,2026-03-02,2026-03-08,2,0.0,31.0,8.0,0.0,4.0,5.0,0.0,61.0,17.0,2026-03-16,2026-03-16,2026,2024
2026-03-05,2026,10,2026-03-02,2026-03-08,3,0.0,21.0,14.0,0.0,3.0,6.0,0.0,75.0,36.0,2026-03-16,2026-03-16,2026,2024
2026-03-06,2026,10,2026-03-02,2026-03-08,4,0.0,21.0,10.0,0.0,4.0,6.0,0.0,172.0,0.0,2026-03-16,2026-03-16,2026,2024
2026-03-07,2026,10,2026-03-02,2026-03-08,5,0.0,0.0,13.0,0.0,1.0,2.0,0.0,0.0,0.0,2026-03-16,2026-03-16,2026,2024
2026-03-08,2026,10,2026-03-02,2026-03-08,6,0.0,1.0,1.0,0.0,2.0,5.0,0.0,0.0,0.0,2026-03-16,2026-03-16,2026,2024
2026-03-09,2026,11,2026-03-09,2026-03-15,0,0.0,144.0,16.0,0.0,9.0,4.0,0.0,40.0,0.0,2026-03-16,2026-03-16,2026,2024
2026-03-10,2026,11,2026-03-09,2026-03-15,1,0.0,13.0,15.0,0.0,1.0,7.0,0.0,82.0,0.0,2026-03-16,2026-03-16,2026,2024
2026-03-11,2026,11,2026-03-09,2026-03-15,2,0.0,23.0,14.0,0.0,2.0,4.0,0.0,75.0,0.0,2026-03-16,2026-03-16,2026,2024
2026-03-12,2026,11,2026-03-09,2026-03-15,3,0.0,26.0,19.0,0.0,3.0,4.0,0.0,101.0,0.0,2026-03-16,2026-03-16,2026,2024
2026-03-13,2026,11,2026-03-09,2026-03-15,4,0.0,33.0,23.0,0.0,6.0,3.0,0.0,39.0,0.0,2026-03-16,2026-03-16,2026,2024
2026-03-14,2026,11,2026-03-09,2026-03-15,5,0.0,0.0,1.0,0.0,1.0,1.0,0.0,0.0,0.0,2026-03-16,2026-03-16,2026,2024
2026-03-15,2026,11,2026-03-09,2026-03-15,6,0.0,1.0,0.0,0.0,1.0,1.0,0.0,0.0,0.0,2026-03-16,2026-03-16,2026,2024
2026-03-16,2026,12,2026-03-16,2026-03-22,0,0.0,88.0,18.0,0.0,4.0,3.0,18.0,29.0,0.0,2026-03-16,2026-03-16,2026,2024
2026-03-17,2026,12,2026-03-16,2026-03-22,1,23.0,23.0,0.0,8.0,2.0,0.0,19.0,64.0,0.0,2026-03-16,2026-03-16,2026,2024
2026-03-18,2026,12,2026-03-16,2026-03-22,2,25.0,11.0,0.0,10.0,3.0,0.0,19.0,60.0,0.0,2026-03-16,2026-03-16,2026,2024
2026-03-19,2026,12,2026-03-16,2026-03-22,3,25.0,23.0,0.0,10.0,5.0,0.0,19.0,114.0,0.0,2026-03-16,2026-03-16,2026,2024
2026-03-20,2026,12,2026-03-16,2026-03-22,4,25.0,29.0,0.0,10.0,5.0,0.0,23.0,45.0,0.0,2026-03-16,2026-03-16,2026,2024
2026-03-21,2026,12,2026-03-16,2026-03-22,5,6.0,0.0,0.0,4.0,0.0,0.0,0.0,0.0,0.0,2026-03-16,2026-03-16,2026,2024
2026-03-22,2026,12,2026-03-16,2026-03-22,6,5.0,0.0,0.0,4.0,0.0,0.0,0.0,0.0,0.0,2026-03-16,2026-03-16,2026,2024
2026-03-23,2026,13,2026-03-23,2026-03-29,0,24.0,18.0,0.0,9.0,3.0,0.0,19.0,55.0,0.0,2026-03-16,2026-03-16,2026,2024
2026-03-24,2026,13,2026-03-23,2026-03-29,1,24.0,22.0,0.0,8.0,2.0,0.0,19.0,53.0,0.0,2026-03-16,2026-03-16,2026,2024
2026-03-25,2026,13,2026-03-23,2026-03-29,2,24.0,12.0,0.0,8.0,0.0,0.0,19.0,24.0,0.0,2026-03-16,2026-03-16,2026,2024
2026-03-26,2026,13,2026-03-23,2026-03-29,3,24.0,0.0,0.0,8.0,0.0,0.0,16.0,0.0,0.0,2026-03-16,2026-03-16,2026,2024
2026-03-27,2026,13,2026-03-23,2026-03-29,4,19.0,0.0,0.0,7.0,0.0,0.0,17.0,0.0,0.0,2026-03-16,2026-03-16,2026,2024
2026-03-28,2026,13,2026-03-23,2026-03-29,5,4.0,0.0,0.0,2.0,0.0,0.0,0.0,0.0,0.0,2026-03-16,2026-03-16,2026,2024
2026-03-29,2026,13,2026-03-23,2026-03-29,6,3.0,1.0,0.0,2.0,1.0,0.0,0.0,0.0,0.0,2026-03-16,2026-03-16,2026,2024
2026-03-30,2026,14,2026-03-30,2026-04-05,0,18.0,15.0,0.0,6.0,4.0,0.0,14.0,53.0,0.0,2026-03-16,2026-03-16,2026,2024
2026-03-31,2026,14,2026-03-30,2026-04-05,1,17.0,11.0,0.0,3.0,3.0,0.0,27.0,64.0,0.0,2026-03-16,2026-03-16,2026,2024
2026-04-01,2026,14,2026-03-30,2026-04-05,2,16.0,19.0,0.0,4.0,1.0,0.0,36.0,32.0,0.0,2026-03-16,2026-03-16,2026,2024
2026-04-02,2026,14,2026-03-30,2026-04-05,3,7.0,20.0,0.0,3.0,0.0,0.0,0.0,113.0,0.0,2026-03-16,2026-03-16,2026,2024
2026-04-03,2026,14,2026-03-30,2026-04-05,4,1.0,21.0,0.0,0.0,1.0,0.0,0.0,87.0,0.0,2026-03-16,2026-03-16,2026,2024
2026-04-04,2026,14,2026-03-30,2026-04-05,5,2.0,2.0,0.0,2.0,1.0,0.0,0.0,0.0,0.0,2026-03-16,2026-03-16,2026,2024
2026-04-05,2026,14,2026-03-30,2026-04-05,6,1.0,2.0,0.0,2.0,2.0,0.0,0.0,0.0,0.0,2026-03-16,2026-03-16,2026,2024
2026-04-06,2026,15,2026-04-06,2026-04-12,0,16.0,22.0,0.0,5.0,7.0,0.0,15.0,137.0,0.0,2026-03-16,2026-03-16,2026,2024
2026-04-07,2026,15,2026-04-06,2026-04-12,1,18.0,17.0,0.0,5.0,3.0,0.0,32.0,84.0,0.0,2026-03-16,2026-03-16,2026,2024
2026-04-08,2026,15,2026-04-06,2026-04-12,2,20.0,24.0,0.0,6.0,3.0,0.0,36.0,191.0,0.0,2026-03-16,2026-03-16,2026,2024
2026-04-09,2026,15,2026-04-06,2026-04-12,3,22.0,38.0,0.0,6.0,1.0,0.0,38.0,68.0,0.0,2026-03-16,2026-03-16,2026,2024
2026-04-10,2026,15,2026-04-06,2026-04-12,4,24.0,23.0,0.0,8.0,7.0,0.0,54.0,58.0,0.0,2026-03-16,2026-03-16,2026,2024
2026-04-11,2026,15,2026-04-06,2026-04-12,5,4.0,0.0,0.0,4.0,2.0,0.0,0.0,0.0,0.0,2026-03-16,2026-03-16,2026,2024
2026-04-12,2026,15,2026-04-06,2026-04-12,6,4.0,0.0,0.0,4.0,2.0,0.0,0.0,0.0,0.0,2026-03-16,2026-03-16,2026,2024
2026-04-13,2026,16,2026-04-13,2026-04-19,0,25.0,21.0,0.0,12.0,5.0,0.0,18.0,93.0,0.0,2026-03-16,2026-03-16,2026,2024
2026-04-14,2026,16,2026-04-13,2026-04-19,1,23.0,7.0,0.0,8.0,5.0,0.0,35.0,105.0,0.0,2026-03-16,2026-03-16,2026,2024
2026-04-15,2026,16,2026-04-13,2026-04-19,2,24.0,35.0,0.0,9.0,1.0,0.0,37.0,119.0,0.0,2026-03-16,2026-03-16,2026,2024
2026-04-16,2026,16,2026-04-13,2026-04-19,3,25.0,35.0,0.0,10.0,1.0,0.0,38.0,81.0,0.0,2026-03-16,2026-03-16,2026,2024
2026-04-17,2026,16,2026-04-13,2026-04-19,4,25.0,29.0,0.0,10.0,8.0,0.0,59.0,83.0,0.0,2026-03-16,2026-03-16,2026,2024
2026-04-18,2026,16,2026-04-13,2026-04-19,5,5.0,1.0,0.0,4.0,4.0,0.0,0.0,0.0,0.0,2026-03-16,2026-03-16,2026,2024
2026-04-19,2026,16,2026-04-13,2026-04-19,6,4.0,0.0,0.0,4.0,1.0,0.0,0.0,0.0,0.0,2026-03-16,2026-03-16,2026,2024
2026-04-20,2026,17,2026-04-20,2026-04-26,0,28.0,15.0,0.0,16.0,12.0,0.0,18.0,118.0,0.0,2026-03-16,2026-03-16,2026,2024
2026-04-21,2026,17,2026-04-20,2026-04-26,1,25.0,13.0,0.0,10.0,5.0,0.0,35.0,78.0,0.0,2026-03-16,2026-03-16,2026,2024
2026-04-22,2026,17,2026-04-20,2026-04-26,2,25.0,18.0,0.0,10.0,3.0,0.0,41.0,100.0,0.0,2026-03-16,2026-03-16,2026,2024
2026-04-23,2026,17,2026-04-20,2026-04-26,3,28.0,29.0,0.0,11.0,8.0,0.0,42.0,61.0,0.0,2026-03-16,2026-03-16,2026,2024
2026-04-24,2026,17,2026-04-20,2026-04-26,4,29.0,28.0,0.0,12.0,7.0,0.0,61.0,59.0,0.0,2026-03-16,2026-03-16,2026,2024
2026-04-25,2026,17,2026-04-20,2026-04-26,5,6.0,0.0,0.0,5.0,3.0,0.0,0.0,0.0,0.0,2026-03-16,2026-03-16,2026,2024
2026-04-26,2026,17,2026-04-20,2026-04-26,6,4.0,0.0,0.0,4.0,1.0,0.0,0.0,0.0,0.0,2026-03-16,2026-03-16,2026,2024
2026-04-27,2026,18,2026-04-27,2026-05-03,0,28.0,23.0,0.0,18.0,13.0,0.0,19.0,54.0,0.0,2026-03-16,2026-03-16,2026,2024
2026-04-28,2026,18,2026-04-27,2026-05-03,1,25.0,12.0,0.0,10.0,2.0,0.0,37.0,59.0,0.0,2026-03-16,2026-03-16,2026,2024
2026-04-29,2026,18,2026-04-27,2026-05-03,2,26.0,0.0,0.0,11.0,0.0,0.0,38.0,0.0,0.0,2026-03-16,2026-03-16,2026,2024
2026-04-30,2026,18,2026-04-27,2026-05-03,3,26.0,1.0,0.0,11.0,0.0,0.0,30.0,0.0,0.0,2026-03-16,2026-03-16,2026,2024
2026-05-01,2026,18,2026-04-27,2026-05-03,4,5.0,18.0,0.0,2.0,1.0,0.0,0.0,17.0,0.0,2026-03-16,2026-03-16,2026,2024
2026-05-02,2026,18,2026-04-27,2026-05-03,5,1.0,0.0,0.0,2.0,0.0,0.0,0.0,0.0,0.0,2026-03-16,2026-03-16,2026,2024
2026-05-03,2026,18,2026-04-27,2026-05-03,6,4.0,0.0,0.0,4.0,0.0,0.0,0.0,0.0,0.0,2026-03-16,2026-03-16,2026,2024
2026-05-04,2026,19,2026-05-04,2026-05-10,0,28.0,19.0,0.0,14.0,4.0,0.0,23.0,122.0,0.0,2026-03-16,2026-03-16,2026,2024
2026-05-05,2026,19,2026-05-04,2026-05-10,1,26.0,30.0,0.0,8.0,2.0,0.0,20.0,136.0,0.0,2026-03-16,2026-03-16,2026,2024
2026-05-06,2026,19,2026-05-04,2026-05-10,2,26.0,40.0,0.0,8.0,2.0,0.0,43.0,174.0,0.0,2026-03-16,2026-03-16,2026,2024
2026-05-07,2026,19,2026-05-04,2026-05-10,3,29.0,27.0,0.0,10.0,4.0,0.0,46.0,94.0,0.0,2026-03-16,2026-03-16,2026,2024
2026-05-08,2026,19,2026-05-04,2026-05-10,4,30.0,46.0,0.0,10.0,9.0,0.0,34.0,38.0,0.0,2026-03-16,2026-03-16,2026,2024
2026-05-09,2026,19,2026-05-04,2026-05-10,5,5.0,1.0,0.0,4.0,1.0,0.0,0.0,0.0,0.0,2026-03-16,2026-03-16,2026,2024
2026-05-10,2026,19,2026-05-04,2026-05-10,6,5.0,1.0,0.0,5.0,2.0,0.0,0.0,0.0,0.0,2026-03-16,2026-03-16,2026,2024
2026-05-11,2026,20,2026-05-11,2026-05-17,0,30.0,51.0,0.0,15.0,11.0,0.0,25.0,89.0,0.0,2026-03-16,2026-03-16,2026,2024
2026-05-12,2026,20,2026-05-11,2026-05-17,1,28.0,137.0,0.0,11.0,5.0,0.0,22.0,267.0,0.0,2026-03-16,2026-03-16,2026,2024
2026-05-13,2026,20,2026-05-11,2026-05-17,2,30.0,1.0,0.0,12.0,0.0,0.0,39.0,63.0,0.0,2026-03-16,2026-03-16,2026,2024
2026-05-14,2026,20,2026-05-11,2026-05-17,3,27.0,34.0,0.0,12.0,11.0,0.0,14.0,82.0,0.0,2026-03-16,2026-03-16,2026,2024
2026-05-15,2026,20,2026-05-11,2026-05-17,4,9.0,26.0,0.0,5.0,3.0,0.0,0.0,85.0,0.0,2026-03-16,2026-03-16,2026,2024
2026-05-18,2026,21,2026-05-18,2026-05-24,0,0.0,22.0,0.0,0.0,11.0,0.0,0.0,163.0,0.0,2026-03-16,2026-03-16,2026,2024
