axis,freq,target,model,fold_id,fold_start,fold_end,wape,smape,mase,wape_peak5,smape_peak5,mase_peak5,coverage_empirical
service,daily,conteo_servicios,naive_t7,1,2024-11-15,2024-12-12,0.798728813559322,0.6689276607867793,0.7349002558159087,0.6440677966101694,0.9393380091054508,2.617310548564527,
service,daily,conteo_servicios,ma7,1,2024-11-15,2024-12-12,0.5744552058111381,0.5506688818559986,0.5285489524587325,0.576271186440678,0.8063155470892381,2.341804175031419,
service,daily,conteo_servicios,ma28,1,2024-11-15,2024-12-12,0.5865617433414043,0.5765437728570799,0.5396880241649227,0.637409200968523,0.9183337190361588,2.59025188687824,
service,daily,conteo_servicios,model_p50,1,2024-11-15,2024-12-12,0.1538063288465092,0.2311220158898999,0.14151525335827939,0.13476267255606866,0.1370597061515051,0.5476376342523948,
service,daily,conteo_servicios,model_p80,1,2024-11-15,2024-12-12,0.14597039058728536,0.2733048122237591,0.13430550590269502,0.08736703876381363,0.08989254266286532,0.35503509623813545,
service,daily,m3_out,naive_t7,1,2024-11-15,2024-12-12,0.9126871091576197,0.5307506691380448,0.5092800996996694,0.6358183376178235,0.920685867019449,2.0697727668129877,
service,daily,m3_out,ma7,1,2024-11-15,2024-12-12,0.6263920759633872,0.63421533762048,0.34952725386047306,0.6002162647406863,0.8406243136007127,1.9538777123241973,
service,daily,m3_out,ma28,1,2024-11-15,2024-12-12,0.6134330530204933,0.7114394639166095,0.34229610922158504,0.617002285061411,0.8603616320833986,2.0085210682443417,
service,daily,m3_out,model_p50,1,2024-11-15,2024-12-12,0.11256537772519296,0.17178255025479303,0.06281156621520427,0.06543404160123581,0.07585496086343751,0.21300674943752904,
service,daily,m3_out,model_p80,1,2024-11-15,2024-12-12,0.16573285241243996,1.157753795270588,0.09247905744830835,0.039026599445279544,0.04099668578325364,0.12704287991409152,
service,daily,cajas_out,naive_t7,1,2024-11-15,2024-12-12,0.9360544217687075,0.5572828631049339,0.556157255563469,0.6985645933014354,1.0778733033317716,2.085050796293664,
service,daily,cajas_out,ma7,1,2024-11-15,2024-12-12,0.5965014577259474,0.3785992642063647,0.35441167303245147,0.5526315789473684,0.767587065070071,1.6494751162460148,
service,daily,cajas_out,ma28,1,2024-11-15,2024-12-12,0.8014091350826046,1.0319376143691852,0.47615768355524785,0.5544258373205742,0.7595990399980216,1.6548305549351254,
service,daily,cajas_out,model_p50,1,2024-11-15,2024-12-12,0.2420556446458147,1.1717734341666497,0.14381749595871948,0.23300685694745665,0.2011991790769464,0.6954705939562827,
service,daily,cajas_out,model_p80,1,2024-11-15,2024-12-12,0.4451034220157422,1.2562656185897547,0.264458445869455,0.36020857669047285,0.2692582743912623,1.0751377708835483,
service,daily,pales_out,naive_t7,1,2024-11-15,2024-12-12,0.96,0.594185498848001,0.5425244988660095,0.6142131979695431,1.0667279261618883,1.666288127982624,
service,daily,pales_out,ma7,1,2024-11-15,2024-12-12,0.6082758620689656,0.6639256513020679,0.34375474712630766,0.4590282813633067,0.5794248827093401,1.2452897107591507,
service,daily,pales_out,ma28,1,2024-11-15,2024-12-12,0.6368472906403941,1.2750768966180244,0.359901309592558,0.49854967367657727,0.6449421911405324,1.3525065973884935,
service,daily,pales_out,model_p50,1,2024-11-15,2024-12-12,0.1915496044167247,1.1106130437315085,0.10825036785850616,0.25240283578128414,0.2220299039606329,0.6847391917364116,
service,daily,pales_out,model_p80,1,2024-11-15,2024-12-12,0.31209258657129607,1.1406827200026484,0.17637278555144695,0.3557664450597469,0.27908125715688836,0.9651525003001225,
service,daily,peso_facturable_out,naive_t7,1,2024-11-15,2024-12-12,0.9008889697937317,0.4149344853054838,0.41073562165699634,0.5799055395719347,0.8527100811587861,1.3401823443205307,
service,daily,peso_facturable_out,ma7,1,2024-11-15,2024-12-12,0.5491571049537315,0.3049139564209614,0.25037312305219067,0.5729029713696525,0.784141362054219,1.3239991599410086,
service,daily,peso_facturable_out,ma28,1,2024-11-15,2024-12-12,0.6066880656264456,0.31378758424517045,0.27660278696054313,0.440014420895331,0.5435556405254075,1.0168889894820463,
service,daily,peso_facturable_out,model_p50,1,2024-11-15,2024-12-12,0.19155000764858685,1.1547335896890254,0.08733197331515619,0.09940241262897995,0.10625854154235621,0.22972251392280085,
service,daily,peso_facturable_out,model_p80,1,2024-11-15,2024-12-12,0.3164721028102466,1.1927556471660798,0.1442867769983079,0.10198752816508969,0.10938326255817626,0.23569680794675577,
service,daily,m3_in,naive_t7,1,2024-11-15,2024-12-12,0.6646208226221079,0.3894962229926955,0.21300771849894354,0.5890660592255126,0.841682863580154,0.7057586395113912,
service,daily,m3_in,ma7,1,2024-11-15,2024-12-12,0.4326386338597135,0.4103909085710947,0.1386585631930394,0.5273240047727521,0.7216217639146058,0.6317856314441641,
service,daily,m3_in,ma28,1,2024-11-15,2024-12-12,0.6602506426735217,1.1886898118999207,0.21160709722950216,0.2485952923310555,0.2891556600943936,0.2978414263676586,
service,daily,m3_in,model_p50,1,2024-11-15,2024-12-12,0.2873785691599013,0.2329559965215391,0.0921034239052823,0.20626566729076498,0.1669353237086216,0.24712640364382196,
service,daily,m3_in,model_p80,1,2024-11-15,2024-12-12,0.5181587349466568,1.1972168638793643,0.16606733673471094,0.2679378887344618,0.22104565732956558,0.32101574494957474,
service,daily,cajas_in,naive_t7,1,2024-11-15,2024-12-12,0.627177700348432,0.3538980663852219,0.32372044974811093,0.6774193548387096,1.0726495726495726,1.334447631739435,
service,daily,cajas_in,ma7,1,2024-11-15,2024-12-12,0.5333499253359879,0.33268530318027173,0.275290842781826,0.5552995391705069,0.7771336266402353,1.0938839430245029,
service,daily,cajas_in,ma28,1,2024-11-15,2024-12-12,0.5820059731209557,0.3323910546970591,0.300404869736491,0.273905529953917,0.3165028505014678,0.539566198037501,
service,daily,cajas_in,model_p50,1,2024-11-15,2024-12-12,0.2591791697539863,0.1653867088399798,0.13377643585141888,0.17366110678340876,0.1856104539504548,0.34209482061159224,
service,daily,cajas_in,model_p80,1,2024-11-15,2024-12-12,0.42613527425922554,1.1139711099805025,0.21995154253745455,0.25189413741716227,0.24794594305729292,0.49620598042318,
service,daily,pales_in,naive_t7,1,2024-11-15,2024-12-12,0.8393113342898135,0.5436976333410644,0.28051337117144753,0.6273291925465838,0.9579985905567301,0.8556057412425975,
service,daily,pales_in,ma7,1,2024-11-15,2024-12-12,0.585160893625743,0.7222888208104413,0.195571593331986,0.5527950310559007,0.7482662405122692,0.7539496135702097,
service,daily,pales_in,ma28,1,2024-11-15,2024-12-12,0.7780795244927241,1.2550960708401706,0.2600485678411741,0.3205412599822538,0.35825459966691237,0.43718185859107267,
service,daily,pales_in,model_p50,1,2024-11-15,2024-12-12,0.29596725802404966,1.088025909408819,0.09891773161260342,0.06504030076660851,0.0682141104937995,0.08870758034095985,
service,daily,pales_in,model_p80,1,2024-11-15,2024-12-12,0.5204175024845483,1.1841718812979942,0.17393315456902628,0.22461575403519649,0.19536936393367454,0.30635036757320727,
service,daily,peso_facturable_in,naive_t7,1,2024-11-15,2024-12-12,0.8120440826949769,0.47638337439478007,0.2808267929231855,0.8549284181835355,1.1764957064250576,1.3152860664896198,
service,daily,peso_facturable_in,ma7,1,2024-11-15,2024-12-12,0.5603094593732032,0.35627140791693024,0.19377015592317906,0.5331149993156983,0.7057918196905155,0.8201841411780375,
service,daily,peso_facturable_in,ma28,1,2024-11-15,2024-12-12,0.6093904469696364,0.34393176551069876,0.21074368806747562,0.4715641788282827,0.6060791396464841,0.7254897377096037,
service,daily,peso_facturable_in,model_p50,1,2024-11-15,2024-12-12,0.32023434212742996,1.1253071272884436,0.11074569127461067,0.2688111484444446,0.35619048454706803,0.41355925308608465,
service,daily,peso_facturable_in,model_p80,1,2024-11-15,2024-12-12,0.2614317875081935,1.0922440541365768,0.09041017848495168,0.17264720812338688,0.23362848389130964,0.26561342731535537,
service,daily,conteo_servicios,naive_t7,2,2024-12-13,2026-01-22,0.7563025210084033,0.6849135395048707,0.37021822849807445,0.4186046511627907,0.519363677258414,0.6170303808301241,
service,daily,conteo_servicios,ma7,2,2024-12-13,2026-01-22,0.5348139255702281,0.5551845730471725,0.2617971758664955,0.43521594684385384,0.555954549181994,0.641515713402748,
service,daily,conteo_servicios,ma28,2,2024-12-13,2026-01-22,0.8038715486194478,0.639932074744182,0.3935037797746398,0.05481727574750832,0.05382776347182142,0.08080159748965912,
service,daily,conteo_servicios,model_p50,2,2024-12-13,2026-01-22,0.17987510732364206,0.22861196067656334,0.08805080207252126,0.07302887934707666,0.0789825091429567,0.10764581117279595,
service,daily,conteo_servicios,model_p80,2,2024-12-13,2026-01-22,0.2374254616286463,0.3391817275526014,0.11622232025261003,0.09318932605195501,0.09322963403831112,0.13736265276416876,
service,daily,m3_out,naive_t7,2,2024-12-13,2026-01-22,0.7054660041207126,0.4071738146411517,0.1626306546307352,0.5896454698930783,0.7472087157415146,0.4879180408250996,
service,daily,m3_out,ma7,2,2024-12-13,2026-01-22,0.5105320567203975,0.5645811521183812,0.11769264870232769,0.4735589677626818,0.6156715921776632,0.3918591349609155,
service,daily,m3_out,ma28,2,2024-12-13,2026-01-22,1.0846001350485655,1.3565758044536895,0.25003221834251566,0.40928129270841707,0.421743542489416,0.3386708398198433,
service,daily,m3_out,model_p50,2,2024-12-13,2026-01-22,0.3105999600199829,0.21778007585337367,0.07160242241479675,0.046810788868921656,0.04799685513465399,0.038734849262122256,
service,daily,m3_out,model_p80,2,2024-12-13,2026-01-22,0.5890700153417042,1.2061199740140065,0.1357979571783392,0.24096838743008653,0.21667467487571823,0.19939578865414012,
service,daily,cajas_out,naive_t7,2,2024-12-13,2026-01-22,0.8456284153005464,0.49104086607966446,0.26527783006251054,0.6852791878172588,0.716686844229217,0.9642570559622757,
service,daily,cajas_out,ma7,2,2024-12-13,2026-01-22,0.6085089773614364,0.6358760196372859,0.1908922857454207,0.4147933284989122,0.5164054363492527,0.583656122762351,
service,daily,cajas_out,ma28,2,2024-12-13,2026-01-22,0.8706576893052302,1.3564625871782612,0.27312963751820335,0.10315445975344452,0.10139958968337913,0.14514874731283992,
service,daily,cajas_out,model_p50,2,2024-12-13,2026-01-22,0.28815638691508577,1.147735496439389,0.09039608846672795,0.19208601568183625,0.20461235864513008,0.2702844319011816,
service,daily,cajas_out,model_p80,2,2024-12-13,2026-01-22,0.4471089965611524,1.2192944309927467,0.14026031086835494,0.1559303812695978,0.16226743918114694,0.219409801218409,
service,daily,pales_out,naive_t7,2,2024-12-13,2026-01-22,1.0879396984924623,0.5312834682955722,0.3583578531717639,0.7943262411347518,1.3165123165123165,1.5448837396165342,
service,daily,pales_out,ma7,2,2024-12-13,2026-01-22,0.8381191672648959,0.9091541611007855,0.2760691478574954,0.6220871327254307,0.8931404328642688,1.2098961940364183,
service,daily,pales_out,ma28,2,2024-12-13,2026-01-22,0.964375448671931,1.3639117151686901,0.31765686638377977,0.41641337386018235,0.4954000938119332,0.8098816543142799,
service,daily,pales_out,model_p50,2,2024-12-13,2026-01-22,0.2377575022714176,1.0978586515965767,0.0783152487288856,0.24251746274066466,0.27403654940616234,0.4716717959938993,
service,daily,pales_out,model_p80,2,2024-12-13,2026-01-22,0.35034465116450736,1.1249462953426566,0.11540047415816697,0.1991706477541066,0.2256325616768061,0.38736665011173077,
service,daily,peso_facturable_out,naive_t7,2,2024-12-13,2026-01-22,1.1487529304371278,0.5134535384984855,0.3209713487188183,0.8700805348731195,1.5454313282405874,1.5932215333623816,
service,daily,peso_facturable_out,ma7,2,2024-12-13,2026-01-22,0.9283052218833634,0.46123153835781844,0.25937638215838493,0.7048604327513308,1.0822986377840085,1.2906837637027584,
service,daily,peso_facturable_out,ma28,2,2024-12-13,2026-01-22,1.0023427196234813,0.4656650947066307,0.280063089348215,0.5427423945316363,0.6986189595725995,0.9938262440988422,
service,daily,peso_facturable_out,model_p50,2,2024-12-13,2026-01-22,0.32622582098754443,1.1831062705357338,0.09115027172068374,0.33341780864915627,0.6086590738699985,0.6105278891497071,
service,daily,peso_facturable_out,model_p80,2,2024-12-13,2026-01-22,0.46454576982618034,1.2425804594916126,0.1297980430186955,0.24499391560275477,0.4060355634362361,0.4486131642262231,
service,daily,m3_in,naive_t7,2,2024-12-13,2026-01-22,0.8117806364251862,0.39842735239155375,0.3315957642678505,0.8605514316012727,1.2445838896891643,2.992382126253663,
service,daily,m3_in,ma7,2,2024-12-13,2026-01-22,0.8232904536222073,0.5429896910990614,0.33629728886547644,0.8079078927435237,1.098072026197937,2.809325566290078,
service,daily,m3_in,ma28,2,2024-12-13,2026-01-22,0.6617419479640197,1.3066376332868652,0.2703080329059414,0.8125340857445843,1.1013135380057515,2.825412155354504,
service,daily,m3_in,model_p50,2,2024-12-13,2026-01-22,0.6661998717524381,0.25994315712558974,0.2721290034727907,0.7313276795061933,0.8242881532743324,2.543034380312178,
service,daily,m3_in,model_p80,2,2024-12-13,2026-01-22,0.9864788114981888,1.3653648457978511,0.4029563908709091,0.715702471727421,0.7257723390684981,2.488701088007736,
service,daily,cajas_in,naive_t7,2,2024-12-13,2026-01-22,0.6608187134502924,0.3293285472229071,0.21661629813444408,0.4222222222222222,0.6318342151675485,0.6070368236805955,
service,daily,cajas_in,ma7,2,2024-12-13,2026-01-22,0.4803675856307435,0.2395172168014338,0.15746443922541764,0.40634920634920635,0.5300181752090148,0.5842158904595205,
service,daily,cajas_in,ma28,2,2024-12-13,2026-01-22,0.6458855472013367,0.3008318204469285,0.21172120795852353,0.42142857142857143,0.5304950415557742,0.6058957770195419,
service,daily,cajas_in,model_p50,2,2024-12-13,2026-01-22,0.3353684943334988,0.17544502587384112,0.10993375380388548,0.20819741201702044,0.240356206124551,0.2993293318957871,
service,daily,cajas_in,model_p80,2,2024-12-13,2026-01-22,0.5140604385489844,1.2720784754527283,0.16850895253017992,0.0778445776610301,0.08705029226794593,0.11191861223078484,
service,daily,pales_in,naive_t7,2,2024-12-13,2026-01-22,0.8988439306358381,0.488338936809642,0.31991867598801543,0.8582089552238806,1.531366456311198,1.971631711608884,
service,daily,pales_in,ma7,2,2024-12-13,2026-01-22,0.7436003303055326,0.3750909484603033,0.26466400342416896,0.636460554371002,0.9190969862064989,1.4621914681124268,
service,daily,pales_in,ma28,2,2024-12-13,2026-01-22,0.7408133773740709,0.8150834297304759,0.26367206448851477,0.7289445628997868,1.1314270083495863,1.6746623388976078,
service,daily,pales_in,model_p50,2,2024-12-13,2026-01-22,0.42628625615185667,1.2461252341039941,0.1517248211972879,0.5286429330398447,0.719437171887359,1.214493468700042,
service,daily,pales_in,model_p80,2,2024-12-13,2026-01-22,0.4854564158600694,1.2992022269461838,0.1727848055913084,0.4200632744414036,0.5154494739891354,0.9650447804461353,
service,daily,peso_facturable_in,naive_t7,2,2024-12-13,2026-01-22,0.9028033323985472,0.4454294528437911,0.26584423156579373,0.8909268544014465,1.6046453175296989,1.5382239430447717,
service,daily,peso_facturable_in,ma7,2,2024-12-13,2026-01-22,0.8250296558456216,0.44366537430639014,0.2429425845101405,0.6644129419856271,1.0223758498435924,1.147137826615106,
service,daily,peso_facturable_in,ma28,2,2024-12-13,2026-01-22,0.9267660007211208,0.48554417540063843,0.2729004052836687,0.6647025850710472,0.9936438522183452,1.1476379079929764,
service,daily,peso_facturable_in,model_p50,2,2024-12-13,2026-01-22,0.6288624243242638,1.314109798411042,0.18517814672983926,0.2703494525023013,0.3165330026251165,0.46677008193615627,
service,daily,peso_facturable_in,model_p80,2,2024-12-13,2026-01-22,0.8844475218147458,1.379664817185824,0.26043908275397726,0.17060449926622104,0.15161664141916262,0.2945560842239658,
service,daily,conteo_servicios,naive_t7,3,2026-01-23,2026-02-19,0.6233480176211453,0.6469629900998304,0.5452124510746174,0.5428571428571428,0.937221269296741,2.635514604487903,
service,daily,conteo_servicios,ma7,3,2026-01-23,2026-02-19,0.6434864694776589,0.6108139386886121,0.5628265837696075,0.7091836734693877,1.1253315755180715,3.4430125002238583,
service,daily,conteo_servicios,ma28,3,2026-01-23,2026-02-19,0.6238200125865323,0.5979049831528316,0.545625282309656,0.7948979591836736,1.3282021151204004,3.8591463851430006,
service,daily,conteo_servicios,model_p50,3,2026-01-23,2026-02-19,0.19371046468545555,0.2597743909028077,0.16942920209004236,0.17898082601356893,0.19595770125660486,0.868933175309075,
service,daily,conteo_servicios,model_p80,3,2026-01-23,2026-02-19,0.16554255826152803,0.31646155043184193,0.1447920926922487,0.05063107296452769,0.049182121539666744,0.24580855938745724,
service,daily,m3_out,naive_t7,3,2026-01-23,2026-02-19,0.7423786176962286,0.5237295179770646,0.3812944324074669,0.5500838493292053,0.943224899363888,1.6123862599591614,
service,daily,m3_out,ma7,3,2026-01-23,2026-02-19,0.6707868130969239,0.6462827534284342,0.34452403540380755,0.66750285640572,1.0138752400248268,1.9565606870016758,
service,daily,m3_out,ma28,3,2026-01-23,2026-02-19,0.6465821092062778,1.2372900173594008,0.3320922134041185,0.7531812066932035,1.2160225239869618,2.20769802715076,
service,daily,m3_out,model_p50,3,2026-01-23,2026-02-19,0.15279406261577141,0.14825931310423693,0.07847683647072731,0.18837837128229676,0.16795302134256543,0.552167997477934,
service,daily,m3_out,model_p80,3,2026-01-23,2026-02-19,0.30245187739317325,1.202709115488506,0.15534285898356984,0.3208708221596666,0.2708270116030675,0.9405251681229061,
service,daily,cajas_out,naive_t7,3,2026-01-23,2026-02-19,0.6356548856548857,0.40561824479164915,0.49100533765541554,0.6134663341645885,1.0525771928185754,3.5554728293347178,
service,daily,cajas_out,ma7,3,2026-01-23,2026-02-19,0.7217107217107218,0.44815541218193977,0.5574783181883703,0.7370858567866049,1.1956080153517759,4.271935704932364,
service,daily,cajas_out,ma28,3,2026-01-23,2026-02-19,0.7183880308880309,0.62750867499888,0.5549117384827192,0.8449412183826148,1.470566486896898,4.897034078382472,
service,daily,cajas_out,model_p50,3,2026-01-23,2026-02-19,0.34172082357503614,1.0638117099633904,0.2639588747760263,0.4878314644835678,0.6503746811890324,2.827329587087893,
service,daily,cajas_out,model_p80,3,2026-01-23,2026-02-19,0.2951792265097128,1.141587299034771,0.2280082778439539,0.2862540445988377,0.34341976022945403,1.6590453643137917,
service,daily,pales_out,naive_t7,3,2026-01-23,2026-02-19,0.847769028871391,0.48231507304827403,0.37567030018348374,0.6046511627906976,0.9725282180620778,1.4515062991609526,
service,daily,pales_out,ma7,3,2026-01-23,2026-02-19,0.777402824646919,0.521363473189747,0.3444890560432358,0.6586378737541527,0.9604532391476782,1.581105075871752,
service,daily,pales_out,ma28,3,2026-01-23,2026-02-19,0.7095050618672666,1.2951275790408485,0.3144016477320642,0.7014119601328903,1.0588195461035752,1.6837871835733855,
service,daily,pales_out,model_p50,3,2026-01-23,2026-02-19,0.2301640116381709,1.0407902829510984,0.10199214691607189,0.23633750692773922,0.22923443571931387,0.567344282363276,
service,daily,pales_out,model_p80,3,2026-01-23,2026-02-19,0.3721233314451918,1.0980166618430705,0.16489831412619416,0.3122613013021695,0.29358651535023805,0.7496045219401805,
service,daily,peso_facturable_out,naive_t7,3,2026-01-23,2026-02-19,1.2482984433709075,0.5206985688971919,0.37897392727250373,0.884587814937619,1.592558892757452,1.8823042025420835,
service,daily,peso_facturable_out,ma7,3,2026-01-23,2026-02-19,0.9062895994683436,0.4914668410989139,0.2751426396313227,0.7736159234056585,1.2641037380785918,1.646168395257214,
service,daily,peso_facturable_out,ma28,3,2026-01-23,2026-02-19,0.7992840784193442,0.4995743608313455,0.24265657608847924,0.7440075336113756,1.1850831388361105,1.583165044318887,
service,daily,peso_facturable_out,model_p50,3,2026-01-23,2026-02-19,0.4283911192769229,1.1946459246575585,0.13005629041932582,0.4646886737865787,0.5076026195346166,0.9888056660647843,
service,daily,peso_facturable_out,model_p80,3,2026-01-23,2026-02-19,0.6503500336490855,1.2832951478132852,0.1974413311677634,0.4867039586395126,0.4633579564472649,1.0356517366290285,
service,daily,m3_in,naive_t7,3,2026-01-23,2026-02-19,1.385542168674699,0.45562937655386715,1.0264899218594739,0.9073710073710073,1.4265094363255457,6.859501489387952,
service,daily,m3_in,ma7,3,2026-01-23,2026-02-19,0.9965079143991323,0.6279615861188259,0.7382708042457804,0.7481221481221481,0.9108464157160526,5.655619308530224,
service,daily,m3_in,ma28,3,2026-01-23,2026-02-19,1.0023429805099835,0.9230502245835902,0.7425937593254528,0.8475473850473849,1.1901273582396226,6.407249628687183,
service,daily,m3_in,model_p50,3,2026-01-23,2026-02-19,0.7012169988431795,0.3022900467076046,0.5195021837823723,0.8253617656944443,1.1458601952334857,6.2395318068059,
service,daily,m3_in,model_p80,3,2026-01-23,2026-02-19,0.7079173020426426,1.3839882033548176,0.5244661566322426,0.7587816111620431,0.8820832783602194,5.736202225555629,
service,daily,cajas_in,naive_t7,3,2026-01-23,2026-02-19,0.7080745341614907,0.405630624834333,0.20478166428021782,0.37037037037037035,0.4700149563371448,0.4850092048742001,
service,daily,cajas_in,ma7,3,2026-01-23,2026-02-19,0.554569653948536,0.7079088721257653,0.16038664182347886,0.3104056437389771,0.3694792078334273,0.4064839050374249,
service,daily,cajas_in,ma28,3,2026-01-23,2026-02-19,0.6144631765749777,0.9609324090612676,0.17770839914041456,0.4506172839506173,0.5746898299011367,0.5900945325969434,
service,daily,cajas_in,model_p50,3,2026-01-23,2026-02-19,0.42650369781264597,0.3965376580377258,0.12334879005805491,0.26468329682731256,0.23434740079699012,0.34660935541178123,
service,daily,cajas_in,model_p80,3,2026-01-23,2026-02-19,0.7707482464212712,1.3814940631420054,0.2229074779961086,0.3344440111050071,0.27954347644973304,0.43796274453263956,
service,daily,pales_in,naive_t7,3,2026-01-23,2026-02-19,1.0693374422187982,0.6427956945576797,0.33364398841147935,0.8666666666666667,1.563308696972765,1.462456790702767,
service,daily,pales_in,ma7,3,2026-01-23,2026-02-19,0.8032137354171254,0.7786216545096972,0.25061072740088275,0.6293040293040294,0.9382157653585587,1.0619191743141816,
service,daily,pales_in,ma28,3,2026-01-23,2026-02-19,0.6895773717807617,1.3005305674081098,0.21515504419433143,0.5239926739926741,0.7099787846990182,0.8842115127220239,
service,daily,pales_in,model_p50,3,2026-01-23,2026-02-19,0.43301730050042475,1.26209039974066,0.135105733219592,0.6239080222432903,0.9076079630508725,1.0528136814272686,
service,daily,pales_in,model_p80,3,2026-01-23,2026-02-19,0.6028622272392936,1.2870831380684928,0.1880990508864926,0.45108858759185444,0.5920257399394072,0.7611895016910317,
service,daily,peso_facturable_in,naive_t7,3,2026-01-23,2026-02-19,1.1840580015418771,0.49729627914049734,0.33112603571688903,0.8175731375029104,1.5704597165875835,1.6530988728351326,
service,daily,peso_facturable_in,ma7,3,2026-01-23,2026-02-19,1.0270165520088637,0.5270823272431097,0.28720883524243107,0.7059271425245259,1.003721618247462,1.427355315483155,
service,daily,peso_facturable_in,ma28,3,2026-01-23,2026-02-19,0.8910980367847828,0.5257871768807517,0.24919873855116376,0.6540488011859139,0.862603140859782,1.3224594674452046,
service,daily,peso_facturable_in,model_p50,3,2026-01-23,2026-02-19,0.6437344459525874,1.277587652248644,0.18002262968969043,0.26381272758317914,0.3192963216298456,0.5334183605142762,
service,daily,peso_facturable_in,model_p80,3,2026-01-23,2026-02-19,1.0279722643552929,1.3874483628919814,0.28747610360271975,0.10362648467851403,0.10993082672825095,0.20952844113877073,
workload,daily,conteo_movimientos,naive_t7,1,2024-11-12,2024-12-15,0.4568736409760812,0.635601038663106,0.901426564896573,0.3333333333333333,0.4029662733579784,1.0611187379480547,
workload,daily,conteo_movimientos,ma7,1,2024-11-12,2024-12-15,0.4123666862251062,0.5451958086256444,0.8136128944701825,0.3417190775681342,0.40917799324360843,1.0878135489656158,
workload,daily,conteo_movimientos,ma28,1,2024-11-12,2024-12-15,0.360369999654851,0.49447983658777817,0.7110217393733562,0.3362159329140461,0.40076472374562827,1.0702950792353414,
workload,daily,conteo_movimientos,model_p50,1,2024-11-12,2024-12-15,0.013089988039731899,0.10599095080771213,0.02582697248189571,0.013799445753426532,0.014250613148800682,0.043928551386775816,
workload,daily,conteo_movimientos,model_p80,1,2024-11-12,2024-12-15,0.05969217670007774,0.35797557914880035,0.11777460761140159,0.025114992969398276,0.024536430597777208,0.0799499689297865,
workload,daily,unidades_movidas,naive_t7,1,2024-11-12,2024-12-15,0.6743104065644617,0.842396798036367,0.9212568715391793,0.843485089947807,1.5222923519846443,2.524871840525826,
workload,daily,unidades_movidas,ma7,1,2024-11-12,2024-12-15,0.5578231273575508,0.6535947960969152,0.7621095332042628,0.6527835873744846,0.9727814822358315,1.9540296768271896,
workload,daily,unidades_movidas,ma28,1,2024-11-12,2024-12-15,0.49795497279753015,0.598127072257446,0.6803164179892801,0.5559658884332069,0.7700549726955825,1.6642174624388295,
workload,daily,unidades_movidas,model_p50,1,2024-11-12,2024-12-15,0.26746071178295455,0.36346030352081465,0.3654103751003758,0.4954594336270758,0.6622476226155485,1.4830986190464677,
workload,daily,unidades_movidas,model_p80,1,2024-11-12,2024-12-15,0.3565540135514195,0.44479449037463004,0.48713149294651675,0.22531450162078417,0.2540659604230655,0.6744520409241972,
workload,daily,skus_distintos,naive_t7,1,2024-11-12,2024-12-15,0.505831299159208,0.6882009683861341,1.2943736197716373,0.48,0.6503929082955909,2.215356887030062,
workload,daily,skus_distintos,ma7,1,2024-11-12,2024-12-15,0.46014956023092723,0.5903079233331533,1.1774784456842562,0.47518796992481205,0.623794092125199,2.1931477954307637,
workload,daily,skus_distintos,ma28,1,2024-11-12,2024-12-15,0.41520399860513774,0.5535931889472866,1.0624670784736014,0.45609022556390977,0.5906743342345429,2.105005463146046,
workload,daily,skus_distintos,model_p50,1,2024-11-12,2024-12-15,0.2697652187808063,0.27375883769403175,0.6903032360832579,0.4537996128859916,0.5876304319699577,2.094433536955328,
workload,daily,skus_distintos,model_p80,1,2024-11-12,2024-12-15,0.22348474586314848,0.42269496928948,0.5718759593316125,0.39593508967306906,0.4934844823945742,1.827369849425206,
workload,daily,workload_atribuible_movs,naive_t7,1,2024-11-12,2024-12-15,0.6414575455482984,0.8001907880268252,1.0712278833551767,0.5253807106598984,0.711928481418959,1.6636754587155962,
workload,daily,workload_atribuible_movs,ma7,1,2024-11-12,2024-12-15,0.5101900505819379,0.640445336556039,0.8520124391499719,0.43691080493110956,0.5581393039508469,1.3835258300567934,
workload,daily,workload_atribuible_movs,ma28,1,2024-11-12,2024-12-15,0.47799931247851496,0.599691764364094,0.7982542185452162,0.3343908629441624,0.4006151411328645,1.0588852255351682,
workload,daily,workload_atribuible_movs,model_p50,1,2024-11-12,2024-12-15,0.07701355720372846,0.4304890850284363,0.12861189403031367,0.02426341156703574,0.02448287546759837,0.07683274537828326,
workload,daily,workload_atribuible_movs,model_p80,1,2024-11-12,2024-12-15,0.11125108731729128,0.4577628680676148,0.18578823745224873,0.04992918985940444,0.04704344178467361,0.1581062383091848,
workload,daily,workload_no_atribuible_movs,naive_t7,1,2024-11-12,2024-12-15,0.5136897001303781,0.6935873015631481,0.9087054771228925,0.15047021943573669,0.16264762364738217,0.4428209431664857,
workload,daily,workload_no_atribuible_movs,ma7,1,2024-11-12,2024-12-15,0.45392863794800853,0.5781466198148594,0.8029895079103154,0.4731303179579042,0.6224964141971114,1.3923819239743815,
workload,daily,workload_no_atribuible_movs,ma28,1,2024-11-12,2024-12-15,0.40061996115264875,0.5340295362585337,0.7086876627111172,0.3922973578145992,0.4876239538327337,1.154497458969766,
workload,daily,workload_no_atribuible_movs,model_p50,1,2024-11-12,2024-12-15,0.025402189920953763,0.09485699908789105,0.04493590022581329,0.00666758333044777,0.006654441765154971,0.019622125561470336,
workload,daily,workload_no_atribuible_movs,model_p80,1,2024-11-12,2024-12-15,0.05783108487978587,0.31559092658902077,0.10230188295557101,0.009460262729346119,0.00950276660245681,0.027840741378070088,
workload,daily,picking_movs,naive_t7,1,2024-11-12,2024-12-15,0.7411764705882353,0.8364196100449665,1.027013474290299,0.754325259515571,1.3333333333333333,2.163178139084881,
workload,daily,picking_movs,ma7,1,2024-11-12,2024-12-15,0.48483741322616,0.6093211663561507,0.6718164647457492,0.48887790410281756,0.6479110070778927,1.4019549014121542,
workload,daily,picking_movs,ma28,1,2024-11-12,2024-12-15,0.48903909389842887,0.6064823637003014,0.6776385365954674,0.46428571428571436,0.6044709087842906,1.3314318919629586,
workload,daily,picking_movs,model_p50,1,2024-11-12,2024-12-15,0.0118753997819365,0.367029079408913,0.01645518452434593,0.01669060622743489,0.016684111981299543,0.047863642459020486,
workload,daily,picking_movs,model_p80,1,2024-11-12,2024-12-15,0.04939498617423525,0.4014826828875648,0.06844431572829245,0.016649793470624584,0.016651003317931422,0.04774660373837028,
workload,daily,picking_movs_atribuibles,naive_t7,1,2024-11-12,2024-12-15,0.7523201856148491,0.8750498459123385,1.1114182599232953,0.44841269841269843,0.5739750445632799,1.3556389261362014,
workload,daily,picking_movs_atribuibles,ma7,1,2024-11-12,2024-12-15,0.4913821677162744,0.6286184670869471,0.7259290980664326,0.45068027210884354,0.5801755641788795,1.3624942430825286,
workload,daily,picking_movs_atribuibles,ma28,1,2024-11-12,2024-12-15,0.5331455087835599,0.6668813136366063,0.7876269505833774,0.5232426303854876,0.7053044091451015,1.5818643853649987,
workload,daily,picking_movs_atribuibles,model_p50,1,2024-11-12,2024-12-15,0.008728481291962145,0.36601025530625575,0.012894766981903148,0.0054270425127715466,0.005491676265346782,0.016407006559252223,
workload,daily,picking_movs_atribuibles,model_p80,1,2024-11-12,2024-12-15,0.029987992484238713,0.38618713052779713,0.04430188510519158,0.019268134734448026,0.018247638617822665,0.05825132422100709,
workload,daily,picking_movs_atribuibles_entrega,naive_t7,1,2024-11-12,2024-12-15,0.7523201856148491,0.8750498459123385,1.1114182599232953,0.44841269841269843,0.5739750445632799,1.3556389261362014,
workload,daily,picking_movs_atribuibles_entrega,ma7,1,2024-11-12,2024-12-15,0.4913821677162744,0.6286184670869471,0.7259290980664326,0.45068027210884354,0.5801755641788795,1.3624942430825286,
workload,daily,picking_movs_atribuibles_entrega,ma28,1,2024-11-12,2024-12-15,0.5331455087835599,0.6668813136366063,0.7876269505833774,0.5232426303854876,0.7053044091451015,1.5818643853649987,
workload,daily,picking_movs_atribuibles_entrega,model_p50,1,2024-11-12,2024-12-15,0.008728481291962145,0.36601025530625575,0.012894766981903148,0.0054270425127715466,0.005491676265346782,0.016407006559252223,
workload,daily,picking_movs_atribuibles_entrega,model_p80,1,2024-11-12,2024-12-15,0.029987992484238713,0.38618713052779713,0.04430188510519158,0.019268134734448026,0.018247638617822665,0.05825132422100709,
workload,daily,picking_movs_no_atribuibles,naive_t7,1,2024-11-12,2024-12-15,1.696969696969697,1.2659467262154307,0.7615782664941785,0.8686868686868687,1.4901960784313726,1.559422164726175,
workload,daily,picking_movs_no_atribuibles,ma7,1,2024-11-12,2024-12-15,1.1051329622758195,1.0365556211775233,0.4959695197613327,0.5873015873015872,0.8683025488571569,1.0542937226637095,
workload,daily,picking_movs_no_atribuibles,ma28,1,2024-11-12,2024-12-15,1.3611626468769324,1.1125061394552342,0.6108723631755418,0.5111832611832612,0.5612828914720889,0.9176500030801453,
workload,daily,picking_movs_no_atribuibles,model_p50,1,2024-11-12,2024-12-15,0.2421808443031872,0.7450268442642581,0.10868766125398373,0.07665327233864842,0.06653689652093787,0.13760402763353877,
workload,daily,picking_movs_no_atribuibles,model_p80,1,2024-11-12,2024-12-15,0.737434610329583,1.0001873716729353,0.33095120861055816,0.06177536579586926,0.05840291274839295,0.11089597198788873,
workload,daily,conteo_movimientos,naive_t7,2,2024-12-16,2026-01-22,0.9057971014492754,1.1900272632020654,1.0162003229168615,0.5690537084398977,1.0048826682069123,1.4896301204169524,
workload,daily,conteo_movimientos,ma7,2,2024-12-16,2026-01-22,0.5440872000974303,0.762039998817761,0.6104033536310693,0.3445378151260504,0.4122191475602389,0.9019076748335063,
workload,daily,conteo_movimientos,ma28,2,2024-12-16,2026-01-22,0.6682270734380709,0.7359960993799616,0.7496740348617509,0.24849287541103396,0.2779741518658614,0.6504877596459581,
workload,daily,conteo_movimientos,model_p50,2,2024-12-16,2026-01-22,0.026117760081525363,0.14165132639153247,0.029301127356497154,0.006174892491183355,0.005815308110981601,0.016164213867300898,
workload,daily,conteo_movimientos,model_p80,2,2024-12-16,2026-01-22,0.12141691041693474,0.47306981814362425,0.13621582954487543,0.0017752480797240335,0.001801728126750812,0.004647123762745109,
workload,daily,unidades_movidas,naive_t7,2,2024-12-16,2026-01-22,1.1065291073241856,1.336118395319528,1.2549789565503802,0.8193048330992331,1.219079700436871,4.437671771262787,
workload,daily,unidades_movidas,ma7,2,2024-12-16,2026-01-22,0.7008258582607655,0.7953261919070157,0.794847328011537,0.7701664849204922,1.0961751404669753,4.171519477525653,
workload,daily,unidades_movidas,ma28,2,2024-12-16,2026-01-22,0.8452013064892181,0.8941643108775009,0.9585919129211802,0.7900301208228433,1.1672611078199444,4.279108610113901,
workload,daily,unidades_movidas,model_p50,2,2024-12-16,2026-01-22,0.5380386245589923,0.6147809587741025,0.6102208673621643,0.7774182118270556,1.149919942730897,4.210797634429026,
workload,daily,unidades_movidas,model_p80,2,2024-12-16,2026-01-22,0.5452255853561196,0.6503498879116244,0.6183720172074298,0.5312889494898352,0.6112163615664177,2.8776663804317417,
workload,daily,skus_distintos,naive_t7,2,2024-12-16,2026-01-22,0.9801606046291923,1.1305454588686203,1.4265895871440597,0.9910514541387024,1.9661402249341946,4.2639559611891364,
workload,daily,skus_distintos,ma7,2,2024-12-16,2026-01-22,0.6247385113705378,0.7656106082853243,0.9092851220502379,0.4145094279322467,0.5153500256895991,1.783408862193586,
workload,daily,skus_distintos,ma28,2,2024-12-16,2026-01-22,0.8673156083406437,0.8636412037011819,1.2623476293401592,0.39333652924256957,0.48152359508396664,1.6923133825325798,
workload,daily,skus_distintos,model_p50,2,2024-12-16,2026-01-22,0.360494058082826,0.3914760270608997,0.5246865330634496,0.39131782830940715,0.48472018125988814,1.6836280091931133,
workload,daily,skus_distintos,model_p80,2,2024-12-16,2026-01-22,0.3286451415449742,0.513118624942724,0.4783315454418971,0.2984771072904747,0.3514725020227982,1.284184827735079,
workload,daily,workload_atribuible_movs,naive_t7,2,2024-12-16,2026-01-22,1.0052029136316336,1.2037243102448847,0.5532886723507917,0.798941798941799,1.2307692307692308,1.210820138043037,
workload,daily,workload_atribuible_movs,ma7,2,2024-12-16,2026-01-22,0.6863386353500819,0.9203576897934364,0.37777784682691595,0.2426303854875283,0.2799083074842681,0.3677135896989733,
workload,daily,workload_atribuible_movs,ma28,2,2024-12-16,2026-01-22,1.2353203508250337,1.0396814553682252,0.6799510303512393,0.08786848072562353,0.08412314774513141,0.1331673046807029,
workload,daily,workload_atribuible_movs,model_p50,2,2024-12-16,2026-01-22,0.2208087920808093,0.7414376548939343,0.12153864832363959,0.11776757939568758,0.10995759602075864,0.17848028095381763,
workload,daily,workload_atribuible_movs,model_p80,2,2024-12-16,2026-01-22,0.5020126842990398,0.9023584618836819,0.27632026114566144,0.3496546285129725,0.2961915212994708,0.5299120237847332,
workload,daily,workload_no_atribuible_movs,naive_t7,2,2024-12-16,2026-01-22,0.9102117394800322,1.1599789775514175,1.1222147351897456,0.9367088607594937,1.7586390217969163,2.7387855492498856,
workload,daily,workload_no_atribuible_movs,ma7,2,2024-12-16,2026-01-22,0.5592908833326952,0.7495748158291938,0.6895587513426138,0.6505424954792043,1.0233212320912293,1.9020812767232553,
workload,daily,workload_no_atribuible_movs,ma28,2,2024-12-16,2026-01-22,0.6334284182716238,0.723970566590082,0.7809641139966245,0.49016726943942135,0.6614248812162409,1.4331699960300137,
workload,daily,workload_no_atribuible_movs,model_p50,2,2024-12-16,2026-01-22,0.061705679028493304,0.13781182520289995,0.07607792697798221,0.029770716276800974,0.03126340915336478,0.08704477020064795,
workload,daily,workload_no_atribuible_movs,model_p80,2,2024-12-16,2026-01-22,0.0945965587018754,0.30542753268991923,0.11662962305246687,0.02115680163645122,0.023114278173106968,0.061859073846357505,
workload,daily,picking_movs,naive_t7,2,2024-12-16,2026-01-22,1.0540019286403086,1.312409817203023,0.774016239544693,0.5701357466063348,0.8597643028993189,1.2491899785515448,
workload,daily,picking_movs,ma7,2,2024-12-16,2026-01-22,0.8944758231161316,1.1006662176056197,0.6568667420420455,0.7097608274078863,1.136588157248406,1.555114054931515,
workload,daily,picking_movs,ma28,2,2024-12-16,2026-01-22,0.9830899572943932,1.0536192493451757,0.7219413657627519,0.517453135100194,0.7097889455857282,1.133760292324843,
workload,daily,picking_movs,model_p50,2,2024-12-16,2026-01-22,0.020344365896678422,0.5407349565989441,0.01494007663494717,0.029156401101108915,0.029261888541993346,0.06388282840171207,
workload,daily,picking_movs,model_p80,2,2024-12-16,2026-01-22,0.10753156360376864,0.6765530035482529,0.0789668161236863,0.008342226434843805,0.008059055812001552,0.01827814818355905,
workload,daily,picking_movs_atribuibles,naive_t7,2,2024-12-16,2026-01-22,1.0691906005221932,1.305706473309094,0.6993025751072961,0.6703910614525139,1.0970586109705862,1.434466820732915,
workload,daily,picking_movs_atribuibles,ma7,2,2024-12-16,2026-01-22,0.872622155911973,1.0763649988688728,0.570737266514397,0.6121308858739027,0.8903670854890368,1.3098048232168404,
workload,daily,picking_movs_atribuibles,ma28,2,2024-12-16,2026-01-22,1.116840731070496,1.0834494776219932,0.7304680744863148,0.5341181165203511,0.7725508514034606,1.142877285447028,
workload,daily,picking_movs_atribuibles,model_p50,2,2024-12-16,2026-01-22,0.022922364981528793,0.5425411451040928,0.01499233986092236,0.016035483144446024,0.01595882737894407,0.03431186638331852,
workload,daily,picking_movs_atribuibles,model_p80,2,2024-12-16,2026-01-22,0.0993141512284235,0.6477890922733771,0.06495627782802454,0.017651594965202286,0.017933260777656994,0.03776993573830995,
workload,daily,picking_movs_atribuibles_entrega,naive_t7,2,2024-12-16,2026-01-22,1.0691906005221932,1.305706473309094,0.6993025751072961,0.6703910614525139,1.0970586109705862,1.434466820732915,
workload,daily,picking_movs_atribuibles_entrega,ma7,2,2024-12-16,2026-01-22,0.872622155911973,1.0763649988688728,0.570737266514397,0.6121308858739027,0.8903670854890368,1.3098048232168404,
workload,daily,picking_movs_atribuibles_entrega,ma28,2,2024-12-16,2026-01-22,1.116840731070496,1.0834494776219932,0.7304680744863148,0.5341181165203511,0.7725508514034606,1.142877285447028,
workload,daily,picking_movs_atribuibles_entrega,model_p50,2,2024-12-16,2026-01-22,0.022922364981528793,0.5425411451040928,0.01499233986092236,0.016035483144446024,0.01595882737894407,0.03431186638331852,
workload,daily,picking_movs_atribuibles_entrega,model_p80,2,2024-12-16,2026-01-22,0.0993141512284235,0.6477890922733771,0.06495627782802454,0.017651594965202286,0.017933260777656994,0.03776993573830995,
workload,daily,picking_movs_no_atribuibles,naive_t7,2,2024-12-16,2026-01-22,1.6457564575645756,1.457585879877212,0.87319761364046,0.9548872180451128,1.8484432234432235,3.4810434014635376,
workload,daily,picking_movs_no_atribuibles,ma7,2,2024-12-16,2026-01-22,1.4791776489193462,1.5399806789168504,0.784815023662758,0.8915145005370569,1.5817193340129119,3.2500180238635954,
workload,daily,picking_movs_no_atribuibles,ma28,2,2024-12-16,2026-01-22,1.246046389035319,1.4928504795111308,0.6611213514550408,0.8982277121374866,1.6048395441157641,3.2744910511517253,
workload,daily,picking_movs_no_atribuibles,model_p50,2,2024-12-16,2026-01-22,0.2644119463874872,1.1316926447973803,0.1402904296941054,0.2177039679223746,0.20573854337583122,0.7936402820011446,
workload,daily,picking_movs_no_atribuibles,model_p80,2,2024-12-16,2026-01-22,0.3896351250710565,1.205660675619651,0.20673074672666075,0.06314302657086285,0.05766825691245553,0.230188038795755,
workload,daily,conteo_movimientos,naive_t7,3,2026-01-23,2026-02-26,0.41381167851756084,0.6866698520080521,0.9179417867453584,0.30798479087452474,0.3844370506621285,1.0840364344381532,
workload,daily,conteo_movimientos,ma7,3,2026-01-23,2026-02-26,0.33553421368547415,0.4766107303063264,0.7443020378932406,0.2577403585008148,0.2996916363401949,0.9071874570386309,
workload,daily,conteo_movimientos,ma28,3,2026-01-23,2026-02-26,0.48375119278480616,0.6725631090246743,1.073085795538366,0.5201996197718631,0.7046155088768244,1.8309843788465412,
workload,daily,conteo_movimientos,model_p50,3,2026-01-23,2026-02-26,0.03218438287206688,0.0878021766397823,0.07139332080891975,0.023514703269161004,0.02323883965776551,0.08276640874502669,
workload,daily,conteo_movimientos,model_p80,3,2026-01-23,2026-02-26,0.06989170628612497,0.23197066743221656,0.15503795827319736,0.08308519449065593,0.07977771740413886,0.29244099273377844,
workload,daily,unidades_movidas,naive_t7,3,2026-01-23,2026-02-26,0.7211158916575405,0.9381520981356769,1.543900634719666,0.8036431355061605,1.33360501476945,3.754327690580999,
workload,daily,unidades_movidas,ma7,3,2026-01-23,2026-02-26,0.498549288850335,0.5826897139212299,1.0673881582693054,0.5919190586722929,0.8341956653786777,2.765230006172302,
workload,daily,unidades_movidas,ma28,3,2026-01-23,2026-02-26,0.49568246292778184,0.6501377919827303,1.0612503177187569,0.7091180511629485,1.0894629044106032,3.3127409639293597,
workload,daily,unidades_movidas,model_p50,3,2026-01-23,2026-02-26,0.40537824457073346,0.5841361045609199,0.8679100493205097,0.6137484888759623,0.8849261053107856,2.867209144252818,
workload,daily,unidades_movidas,model_p80,3,2026-01-23,2026-02-26,0.26922766100329915,0.4159463103879334,0.5764132527320348,0.42996067271739175,0.5491885387951633,2.0086194831080766,
workload,daily,skus_distintos,naive_t7,3,2026-01-23,2026-02-26,0.48881789137380194,0.7145885481007811,0.9342647472611257,0.2978723404255319,0.3498984216283794,1.0638541203380139,
workload,daily,skus_distintos,ma7,3,2026-01-23,2026-02-26,0.3943404837973529,0.5210795783202471,0.7536925692190596,0.30167173252279633,0.35579453811821066,1.077423688199468,
workload,daily,skus_distintos,ma28,3,2026-01-23,2026-02-26,0.4762285105735585,0.6191842266394145,0.9102029956782256,0.5643047112462006,0.7887949523273411,2.015420066622494,
workload,daily,skus_distintos,model_p50,3,2026-01-23,2026-02-26,0.20666143873547818,0.24586745496583964,0.3949865588720348,0.357892769728373,0.43787986976406085,1.2782176994708243,
workload,daily,skus_distintos,model_p80,3,2026-01-23,2026-02-26,0.21026391521845167,0.33900066735962353,0.4018718771884744,0.2045612811092414,0.23169838076856442,0.730592714512528,
workload,daily,workload_atribuible_movs,naive_t7,3,2026-01-23,2026-02-26,0.5827147401908802,0.7689053513262211,0.6383676022628373,0.29069767441860467,0.3392857142857143,0.6099053524804178,
workload,daily,workload_atribuible_movs,ma7,3,2026-01-23,2026-02-26,0.4462202696561128,0.5308720575008409,0.4888370655050533,0.4900332225913621,0.6547004056854333,1.028126165609847,
workload,daily,workload_atribuible_movs,ma28,3,2026-01-23,2026-02-26,0.5306961066505075,0.6915102483869299,0.5813808674579493,0.7353266888150609,1.1669130167700836,1.5427701106552283,
workload,daily,workload_atribuible_movs,model_p50,3,2026-01-23,2026-02-26,0.1723166301449247,0.369358522802483,0.18877393418878424,0.14228411435720306,0.15247020131427697,0.29852265964271535,
workload,daily,workload_atribuible_movs,model_p80,3,2026-01-23,2026-02-26,0.3924077009966801,0.4283675752686002,0.4298850636808441,0.1162521529332351,0.12354001473517351,0.24390566747105152,
workload,daily,workload_no_atribuible_movs,naive_t7,3,2026-01-23,2026-02-26,0.49296917252568956,0.8155770176822026,1.2002488237755156,0.37384140061791965,0.462723425026172,1.6729743616092072,
workload,daily,workload_no_atribuible_movs,ma7,3,2026-01-23,2026-02-26,0.3595379741945454,0.5241669734824794,0.8753793435372405,0.23701633073414743,0.2687966745335054,1.0606696956129213,
workload,daily,workload_no_atribuible_movs,ma28,3,2026-01-23,2026-02-26,0.523603492235185,0.7164393217725925,1.2748352446871982,0.5024275415624541,0.6716536925950544,2.2484090692229213,
workload,daily,workload_no_atribuible_movs,model_p50,3,2026-01-23,2026-02-26,0.06558378502142395,0.16582053731285726,0.15967907369828138,0.16431465674540752,0.17936387182418112,0.7353230742162681,
workload,daily,workload_no_atribuible_movs,model_p80,3,2026-01-23,2026-02-26,0.052269047390285,0.2549223973486324,0.12726122878766208,0.07333809199563726,0.07659239673514875,0.32819465001800396,
workload,daily,picking_movs,naive_t7,3,2026-01-23,2026-02-26,0.8082644628099174,1.0168600877135492,0.6974983541803819,0.802547770700637,1.368663594470046,1.6774193548387095,
workload,daily,picking_movs,ma7,3,2026-01-23,2026-02-26,0.645926800472255,0.6980466176362379,0.5574077557290197,0.5591446769790719,0.7744557402150342,1.1686782239777629,
workload,daily,picking_movs,ma28,3,2026-01-23,2026-02-26,0.5613931523022432,0.6732033664127999,0.48445876046271036,0.6119199272065515,0.8791913781428683,1.2789847121644355,
workload,daily,picking_movs,model_p50,3,2026-01-23,2026-02-26,0.022548279231543986,0.17967496862888807,0.019458219898627765,0.019891399768612712,0.020255771411544485,0.04157536807756124,
workload,daily,picking_movs,model_p80,3,2026-01-23,2026-02-26,0.1595139732317121,0.35067903194944966,0.13765387310373223,0.029774704877940674,0.030210318531899344,0.06223263968855802,
workload,daily,picking_movs_atribuibles,naive_t7,3,2026-01-23,2026-02-26,0.7897526501766784,1.0079134101354392,0.7705741268175686,0.8995215311004785,1.6337345749110455,2.268625393494229,
workload,daily,picking_movs_atribuibles,ma7,3,2026-01-23,2026-02-26,0.6553508329126703,0.7138273451036791,0.6394361522153458,0.6226930963773069,0.9029372388732138,1.5704542047669017,
workload,daily,picking_movs_atribuibles,ma28,3,2026-01-23,2026-02-26,0.5858152448258456,0.7242891432087176,0.5715891813178579,0.6927546138072453,1.060120667839735,1.7471518512966573,
workload,daily,picking_movs_atribuibles,model_p50,3,2026-01-23,2026-02-26,0.01811752602282608,0.17027023558070992,0.017677556120907652,0.01648545202821621,0.01621259470535456,0.04157689816350227,
workload,daily,picking_movs_atribuibles,model_p80,3,2026-01-23,2026-02-26,0.08832147794241756,0.2992178025748265,0.08617666015997541,0.011695951725005161,0.011493330138970794,0.029497607524711342,
workload,daily,picking_movs_atribuibles_entrega,naive_t7,3,2026-01-23,2026-02-26,0.7897526501766784,1.0079134101354392,0.7705741268175686,0.8995215311004785,1.6337345749110455,2.268625393494229,
workload,daily,picking_movs_atribuibles_entrega,ma7,3,2026-01-23,2026-02-26,0.6553508329126703,0.7138273451036791,0.6394361522153458,0.6226930963773069,0.9029372388732138,1.5704542047669017,
workload,daily,picking_movs_atribuibles_entrega,ma28,3,2026-01-23,2026-02-26,0.5858152448258456,0.7242891432087176,0.5715891813178579,0.6927546138072453,1.060120667839735,1.7471518512966573,
workload,daily,picking_movs_atribuibles_entrega,model_p50,3,2026-01-23,2026-02-26,0.01811752602282608,0.17027023558070992,0.017677556120907652,0.01648545202821621,0.01621259470535456,0.04157689816350227,
workload,daily,picking_movs_atribuibles_entrega,model_p80,3,2026-01-23,2026-02-26,0.08832147794241756,0.2992178025748265,0.08617666015997541,0.011695951725005161,0.011493330138970794,0.029497607524711342,
workload,daily,picking_movs_no_atribuibles,naive_t7,3,2026-01-23,2026-02-26,1.5128205128205128,1.0905339699982557,0.2319434461721859,0.8214285714285714,1.5238095238095237,0.6329304209105412,
workload,daily,picking_movs_no_atribuibles,ma7,3,2026-01-23,2026-02-26,1.315018315018315,1.3404988917862604,0.20161670018357078,0.8622448979591837,1.4994319104041551,0.6643803797135494,
workload,daily,picking_movs_no_atribuibles,ma28,3,2026-01-23,2026-02-26,1.899267399267399,1.3443230091327074,0.29119292213142456,0.5829081632653061,0.8087384599313145,0.4491447241554617,
workload,daily,picking_movs_no_atribuibles,model_p50,3,2026-01-23,2026-02-26,0.8290589585140873,1.1645915498486923,0.12711011669134825,0.05717641875929948,0.04956463710999723,0.044055802354846164,
workload,daily,picking_movs_no_atribuibles,model_p80,3,2026-01-23,2026-02-26,1.8274800225680603,1.3466917634418414,0.2801865856875447,0.09782546899114333,0.08103969466169762,0.07537687075658228,
service,weekly,conteo_servicios,naive_t7,1,2024-11-11,2024-12-30,0.5890804597701149,0.5929715778421003,0.47832889408605644,0.3283582089552239,0.28205128205128205,0.9239914246735529,
service,weekly,conteo_servicios,ma7,1,2024-11-11,2024-12-30,0.5153940886699507,0.5297833586968554,0.41849611604532677,0.27825159914712155,0.3232198142414861,0.7829927332460953,
service,weekly,conteo_servicios,ma28,1,2024-11-11,2024-12-30,0.6412664203612479,0.6153403777706126,0.5207035008182446,0.15991471215351813,0.1738122827346466,0.4499958237046524,
service,weekly,conteo_servicios,model_p50,1,2024-11-11,2024-12-30,0.17235182876678987,0.35231580920934363,0.13994838613370406,0.1607641543878968,0.174816247488254,0.45238613196835853,
service,weekly,conteo_servicios,model_p80,1,2024-11-11,2024-12-30,0.128309809164159,0.3694842239758105,0.1041865981123123,0.07910939184535322,0.08236740968956238,0.22261176265038635,
service,weekly,m3_out,naive_t7,1,2024-11-11,2024-12-30,0.910452432958404,0.5633943141030635,0.4186398113947656,0.6091286307053941,0.4669211195928753,1.1574647219985945,
service,weekly,m3_out,ma7,1,2024-11-11,2024-12-30,0.6374441421290585,0.9603032942919023,0.2931064663844984,0.09762892708950784,0.10263920481101779,0.18551424650950585,
service,weekly,m3_out,ma28,1,2024-11-11,2024-12-30,0.8441737944080401,1.2096729725525603,0.38816389004205293,0.020684964857312315,0.020473220929590034,0.03930551921421557,
service,weekly,m3_out,model_p50,1,2024-11-11,2024-12-30,0.21408990375634013,0.3097840500634502,0.09844177870868792,0.05129612835748189,0.050013381927996745,0.09747277661229002,
service,weekly,m3_out,model_p80,1,2024-11-11,2024-12-30,0.26376154049680783,1.12864431467501,0.12128154922709869,0.09319778252387158,0.0890482335706456,0.17709419653277056,
service,weekly,cajas_out,naive_t7,1,2024-11-11,2024-12-30,1.7849364791288567,0.8028281153290919,0.9595339150906024,2.729847494553377,1.1543067710732382,5.501100132423347,
service,weekly,cajas_out,ma7,1,2024-11-11,2024-12-30,0.9502851957479908,1.3706590067879545,0.5108478004627541,0.2947401182695301,0.25688322256883234,0.5939507268732085,
service,weekly,cajas_out,ma28,1,2024-11-11,2024-12-30,0.8947692507129894,1.3550945276723363,0.481003919343025,0.14721444133208836,0.13712132193071458,0.29666176748788536,
service,weekly,cajas_out,model_p50,1,2024-11-11,2024-12-30,0.22310672479350083,1.045812103880535,0.11993618351541063,0.04222617774373014,0.041353086356362354,0.08509282384500753,
service,weekly,cajas_out,model_p80,1,2024-11-11,2024-12-30,0.33796335718272136,1.1436031452169122,0.1816800245087543,0.2612482367897766,0.23106550845621668,0.5264589735752747,
service,weekly,pales_out,naive_t7,1,2024-11-11,2024-12-30,0.9654867256637168,0.7515014716583919,0.5100769875951172,0.3183673469387755,0.3786407766990291,0.6564143818364295,
service,weekly,pales_out,ma7,1,2024-11-11,2024-12-30,0.5514538558786347,1.2024517685737195,0.2913389838797828,0.16034985422740522,0.1743264659270998,0.3306116392033298,
service,weekly,pales_out,ma28,1,2024-11-11,2024-12-30,0.9077591656131478,1.288909059768166,0.47957889875648674,0.12193877551020409,0.11493147391199808,0.25141512381235037,
service,weekly,pales_out,model_p50,1,2024-11-11,2024-12-30,0.13448231558369084,0.9122262875816678,0.07104844903029492,0.08967812468418854,0.08582960564583747,0.18489964924117125,
service,weekly,pales_out,model_p80,1,2024-11-11,2024-12-30,0.22249958443218545,0.9210750660242096,0.11754891574538781,0.13339304992615159,0.12505248381752163,0.27503171179608893,
service,weekly,peso_facturable_out,naive_t7,1,2024-11-11,2024-12-30,1.1093562595617632,0.5013951726634672,0.47494060735715726,0.5256248045543578,0.7130136293367079,0.9267511164125184,
service,weekly,peso_facturable_out,ma7,1,2024-11-11,2024-12-30,0.5533183913929223,0.3733266924553612,0.2368881687960664,0.18561845309669078,0.20460795957001943,0.32727167200560286,
service,weekly,peso_facturable_out,ma28,1,2024-11-11,2024-12-30,0.9298470573360342,0.47085388332715145,0.39808864136656935,0.09693136556526742,0.09245068022446956,0.17090375201977664,
service,weekly,peso_facturable_out,model_p50,1,2024-11-11,2024-12-30,0.23655106832064893,1.1732917795336282,0.10127288424331325,0.20888724666466055,0.18913346254325358,0.36829785689992384,
service,weekly,peso_facturable_out,model_p80,1,2024-11-11,2024-12-30,0.2901959011839787,1.09085707033679,0.12423945542554811,0.20888724666466055,0.18913346254325358,0.36829785689992384,
service,weekly,m3_in,naive_t7,1,2024-11-11,2024-12-30,1.5703518112537842,0.7483532990382795,0.4807590756990793,1.552703941338222,0.8740970072239421,1.5592517934602272,
service,weekly,m3_in,ma7,1,2024-11-11,2024-12-30,0.9078311186673228,1.1628523878252544,0.277930108637821,0.8613166164724368,0.6020421588536453,0.8649488438950238,
service,weekly,m3_in,ma28,1,2024-11-11,2024-12-30,1.4020789524704333,1.2497360781164515,0.42924278267851396,0.7346164233337696,0.5372720042675668,0.7377143479144468,
service,weekly,m3_in,model_p50,1,2024-11-11,2024-12-30,0.49346318849399046,1.0632210793567458,0.15107245694356802,0.16462739116137975,0.15210690933098914,0.1653216354302693,
service,weekly,m3_in,model_p80,1,2024-11-11,2024-12-30,0.8875493069145697,1.367088349656652,0.27172088532755445,0.40713607659975243,0.33827425093047553,0.40885299555135307,
service,weekly,cajas_in,naive_t7,1,2024-11-11,2024-12-30,1.3748558246828142,0.5561663861242885,0.6441094461495257,0.06030150753768844,0.05853658536585366,0.11671781910092076,
service,weekly,cajas_in,ma7,1,2024-11-11,2024-12-30,0.8444554292305158,0.47323608847698573,0.3956209146112558,0.32663316582914576,0.28077753779697623,0.6322215201299874,
service,weekly,cajas_in,ma28,1,2024-11-11,2024-12-30,0.9222689075630253,1.3442468817585407,0.4320759344990931,0.08722182340272795,0.08357695614789339,0.16882398834240328,
service,weekly,cajas_in,model_p50,1,2024-11-11,2024-12-30,0.23271474291253605,1.0447903038635202,0.1090250784679943,0.2623434194041931,0.3019508254205683,0.5077841834915652,
service,weekly,cajas_in,model_p80,1,2024-11-11,2024-12-30,0.24613079485988343,1.0951537718115825,0.1153103962694538,0.01271272439300907,0.012794047996031307,0.024606374310886327,
service,weekly,pales_in,naive_t7,1,2024-11-11,2024-12-30,2.558659217877095,1.0466169497843891,0.8222758192641098,1.3380281690140845,0.8016877637130801,1.5350345534297247,
service,weekly,pales_in,ma7,1,2024-11-11,2024-12-30,1.3496940675711626,1.3680502530799266,0.4337509221289729,1.3601609657947686,0.8095808383233533,1.5604261024338253,
service,weekly,pales_in,ma28,1,2024-11-11,2024-12-30,1.9709364192604415,1.5292349452469105,0.6333994568489263,0.8856472166331323,0.6138291690877398,1.0160466806034845,
service,weekly,pales_in,model_p50,1,2024-11-11,2024-12-30,0.2452691953492188,1.1425366114665287,0.0788221139950633,0.04164096274584628,0.040791660733376416,0.04777202613010242,
service,weekly,pales_in,model_p80,1,2024-11-11,2024-12-30,0.36152348805416734,1.1406785950623752,0.11618273361530497,0.19871466358985554,0.18075529933967224,0.22797268543931604,
service,weekly,peso_facturable_in,naive_t7,1,2024-11-11,2024-12-30,2.0926413632070404,0.5990388328677688,0.608400209629099,2.568911995749687,1.1245180463705424,2.6492144964886144,
service,weekly,peso_facturable_in,ma7,1,2024-11-11,2024-12-30,1.063646512454083,0.49491887552879316,0.30923729814677264,0.4260975005918273,0.35126164590490216,0.4394170284358105,
service,weekly,peso_facturable_in,ma28,1,2024-11-11,2024-12-30,1.793653496131735,0.6034450401705432,0.5214745260392465,0.8139747113600097,0.5785231175489925,0.8394190259058569,
service,weekly,peso_facturable_in,model_p50,1,2024-11-11,2024-12-30,0.17557038323972188,1.0556140837456498,0.051044130086393524,0.1659391062416996,0.18095266826355189,0.17112625365026715,
service,weekly,peso_facturable_in,model_p80,1,2024-11-11,2024-12-30,0.32386913760229885,1.1781812360942925,0.09415949367820048,0.09213285028843558,0.08807552567776326,0.09501286264020456,
service,weekly,conteo_servicios,naive_t7,2,2024-12-09,2026-01-19,1.6134969325153374,0.926090870148507,0.7390394265232976,0.1076923076923077,0.11382113821138211,0.1475268817204301,
service,weekly,conteo_servicios,ma7,2,2024-12-09,2026-01-19,1.258983347940403,0.8622556533634632,0.5766594982078852,0.5868131868131867,0.8304821150855364,0.8038709677419354,
service,weekly,conteo_servicios,ma28,2,2024-12-09,2026-01-19,1.8430105170902713,0.9999296220248536,0.8441648745519712,0.28076923076923077,0.24620573355817876,0.3846236559139785,
service,weekly,conteo_servicios,model_p50,2,2024-12-09,2026-01-19,0.3615935978448693,0.5448226246267829,0.16562282815695892,0.04410912342391636,0.04510386949719025,0.060424756174268214,
service,weekly,conteo_servicios,model_p80,2,2024-12-09,2026-01-19,0.3831805611256655,0.5756093250144081,0.17551043106584607,0.010260651373987283,0.010313563312775248,0.014055989086515912,
service,weekly,m3_out,naive_t7,2,2024-12-09,2026-01-19,2.7110930586283186,0.9154405546173124,0.5930874091378463,0.26532007458048473,0.3059008992870194,0.24212703769862223,
service,weekly,m3_out,ma7,2,2024-12-09,2026-01-19,1.8444389024968395,1.5176303848341461,0.4034953674915056,0.6367220101216373,0.9341044377580661,0.5810627574714385,
service,weekly,m3_out,ma28,2,2024-12-09,2026-01-19,3.0714529546262646,1.613262674628778,0.671920895282634,0.5987547722631623,0.46080128733480175,0.5464144375250227,
service,weekly,m3_out,model_p50,2,2024-12-09,2026-01-19,0.7857395057093615,0.6455258855613895,0.1718908933115696,0.3297737202582031,0.283095064031931,0.30094644788271097,
service,weekly,m3_out,model_p80,2,2024-12-09,2026-01-19,0.9040784659164379,1.3050312038454013,0.19777910363541293,0.3297737202582031,0.283095064031931,0.30094644788271097,
service,weekly,cajas_out,naive_t7,2,2024-12-09,2026-01-19,2.2036290322580645,0.872302208205283,0.6438235677148553,0.14285714285714285,0.13333333333333333,0.17671278162347354,
service,weekly,cajas_out,ma7,2,2024-12-09,2026-01-19,1.4347638248847925,1.483023934656964,0.4191879626939683,0.21224489795918372,0.19188191881918823,0.2625447041263036,
service,weekly,cajas_out,ma28,2,2024-12-09,2026-01-19,2.8017713133640547,1.6048137978557273,0.8185798863989259,0.839030612244898,0.5910683799083476,1.037872033499294,
service,weekly,cajas_out,model_p50,2,2024-12-09,2026-01-19,0.48134951217615907,1.225229402826763,0.1406335438998552,0.22446022830993054,0.25283604669274773,0.2776549391594144,
service,weekly,cajas_out,model_p80,2,2024-12-09,2026-01-19,0.5050832331232995,1.1897082777723724,0.1475677096199714,0.0007275788380293794,0.0007278436198369735,0.0009000073622298245,
service,weekly,pales_out,naive_t7,2,2024-12-09,2026-01-19,1.870796460176991,0.8623482994179287,0.597650615617175,0.2484076433121019,0.30423354547759146,0.3307716273756361,
service,weekly,pales_out,ma7,2,2024-12-09,2026-01-19,1.3190897597977247,1.334557837080644,0.4214006300411951,0.36806187443130123,0.5179534949835309,0.49009935264998106,
service,weekly,pales_out,ma28,2,2024-12-09,2026-01-19,2.210809102402023,1.414128628698521,0.7062721408707494,0.39979526842584173,0.3235504879860896,0.5323545193339566,
service,weekly,pales_out,model_p50,2,2024-12-09,2026-01-19,0.24072697475301336,1.0433176962843618,0.07690340863868608,0.21219496478404778,0.2459541004546064,0.28255198949071897,
service,weekly,pales_out,model_p80,2,2024-12-09,2026-01-19,0.45960768706114663,1.078892214873658,0.14682774046327465,0.10779803883233256,0.11495771177552008,0.14354040099995402,
service,weekly,peso_facturable_out,naive_t7,2,2024-12-09,2026-01-19,2.124587777250819,0.6225014748463461,0.538469741790168,0.16639286552452467,0.1814923844873927,0.19323608511446724,
service,weekly,peso_facturable_out,ma7,2,2024-12-09,2026-01-19,1.2842710137095084,0.520779627123476,0.3254942387156152,0.030540504372937913,0.030081157511673756,0.03546743115363899,
service,weekly,peso_facturable_out,ma28,2,2024-12-09,2026-01-19,2.342679171697722,0.6238324086006884,0.593744284038755,0.5398781119269265,0.4251212760106332,0.6269735932420318,
service,weekly,peso_facturable_out,model_p50,2,2024-12-09,2026-01-19,0.322625167074684,1.2964695304694724,0.08176828101426374,0.36009175982151626,0.4391608640033722,0.418183326133253,
service,weekly,peso_facturable_out,model_p80,2,2024-12-09,2026-01-19,0.3166567199097009,1.2028393823432746,0.08025559783015197,0.06516748293942848,0.06736240203201874,0.07568058426232795,
service,weekly,m3_in,naive_t7,2,2024-12-09,2026-01-19,1.178964025741112,1.01430738062542,0.4326901301796968,0.6138469284994965,0.8856841875840025,1.41603666365965,
service,weekly,m3_in,ma7,2,2024-12-09,2026-01-19,0.9134387292209849,1.4562872231210122,0.33524001922735036,0.7610487699611567,1.228537090902757,1.7556053652208843,
service,weekly,m3_in,ma28,2,2024-12-09,2026-01-19,1.2527297183247175,1.4904051463153543,0.45976278585867897,0.43759620917853553,0.5601576388245458,1.0094573212086895,
service,weekly,m3_in,model_p50,2,2024-12-09,2026-01-19,0.5250108699865605,1.3910401023027292,0.19268359061035864,0.49451605077952254,0.6569529366760467,1.1407613627451025,
service,weekly,m3_in,model_p80,2,2024-12-09,2026-01-19,0.7354988603267854,1.4291380473183182,0.2699345278340988,0.23975772627809763,0.2724144623241523,0.5530788133702284,
service,weekly,cajas_in,naive_t7,2,2024-12-09,2026-01-19,1.8201284796573876,0.47835762011137356,0.5545446476122847,0.8880597014925373,0.6149870801033591,1.164543759985798,
service,weekly,cajas_in,ma7,2,2024-12-09,2026-01-19,1.144386662587947,0.42347470074951055,0.3486641221374045,0.40191897654584224,0.334664891256103,0.5270504171844488,
service,weekly,cajas_in,ma28,2,2024-12-09,2026-01-19,1.7052615478739677,1.544839900825637,0.5195477543049886,0.5493070362473348,0.43094615786722423,0.7203255370140246,
service,weekly,cajas_in,model_p50,2,2024-12-09,2026-01-19,0.2551955502626556,1.2194111804089827,0.07775128408477296,0.2887675406057515,0.3374965674832641,0.37867098004074823,
service,weekly,cajas_in,model_p80,2,2024-12-09,2026-01-19,0.43500147433251457,1.3152247331542564,0.1325333579418285,0.24705633638963703,0.2818759570182646,0.32397361846727346,
service,weekly,pales_in,naive_t7,2,2024-12-09,2026-01-19,1.4266503667481663,0.8649285804473343,0.4225500942153035,0.3741258741258741,0.46021505376344085,0.5811421604246463,
service,weekly,pales_in,ma7,2,2024-12-09,2026-01-19,1.0494236814530213,1.2529758149700296,0.3108218283926746,0.6458541458541459,0.9538915529324973,1.0032267201990221,
service,weekly,pales_in,ma28,2,2024-12-09,2026-01-19,1.9421935033181972,1.4872248235600563,0.5752453908395628,0.07642357642357633,0.07361077700264605,0.1187112824365431,
service,weekly,pales_in,model_p50,2,2024-12-09,2026-01-19,0.37393247067212104,1.2509602039466088,0.11075257427845825,0.5113450874698515,0.6869894200003127,0.7942893272192629,
service,weekly,pales_in,model_p80,2,2024-12-09,2026-01-19,0.489470452597968,1.2887923625377802,0.14497300157172127,0.5113450874698515,0.6869894200003127,0.7942893272192629,
service,weekly,peso_facturable_in,naive_t7,2,2024-12-09,2026-01-19,1.0622131109786592,0.39572026748397954,0.2718738659627561,0.09007344342049851,0.09432136865179944,0.09147778234807201,
service,weekly,peso_facturable_in,ma7,2,2024-12-09,2026-01-19,0.8941797086726356,0.4069453659446966,0.22886565016910682,0.4635155273692018,0.6033455405840342,0.47074221787752973,
service,weekly,peso_facturable_in,ma28,2,2024-12-09,2026-01-19,1.9487968866731467,0.5022831225078582,0.4987953340811816,0.4076434693569935,0.33862444713698614,0.4139990562075664,
service,weekly,peso_facturable_in,model_p50,2,2024-12-09,2026-01-19,0.3791521080326155,1.3028941904710447,0.09704413204218745,0.8358341498452094,0.5894802768284827,0.8488656759981865,
service,weekly,peso_facturable_in,model_p80,2,2024-12-09,2026-01-19,0.6330720722966966,1.3447683437762665,0.16203504734542323,1.3661119904301038,0.8116854069704016,1.3874111011860861,
service,weekly,conteo_servicios,naive_t7,3,2025-12-29,2026-02-16,1.1609589041095891,0.9399508615915022,0.7969245751264411,0.9076923076923077,1.6619718309859155,2.496560173404957,
service,weekly,conteo_servicios,ma7,3,2025-12-29,2026-02-16,0.783757338551859,0.7073705635444751,0.5379996499589375,0.710989010989011,1.1031543052003412,1.9555380535024303,
service,weekly,conteo_servicios,ma28,3,2025-12-29,2026-02-16,0.7350171232876712,0.6571492011788994,0.5045425868333699,0.38021978021978026,0.46947082767978293,1.0457746004819797,
service,weekly,conteo_servicios,model_p50,3,2025-12-29,2026-02-16,0.16630161394309556,0.3569154788984238,0.11415549901491834,0.04179261444086469,0.04268456420812801,0.114948398120501,
service,weekly,conteo_servicios,model_p80,3,2025-12-29,2026-02-16,0.2635939715427702,0.5835998738534668,0.18094052514177905,0.10835677978365608,0.10278789702260435,0.29802965017302824,
service,weekly,m3_out,naive_t7,3,2025-12-29,2026-02-16,1.311320906444505,0.7368341919684522,0.5180999675670658,0.913338997451147,1.6810007818608288,1.536971443266417,
service,weekly,m3_out,ma7,3,2025-12-29,2026-02-16,0.8090796091342918,1.1659869793757833,0.3196655503558012,0.6492074280859328,0.9612244567883708,1.0924895143086082,
service,weekly,m3_out,ma28,3,2025-12-29,2026-02-16,0.7863079250710528,1.0846146845230225,0.3106685087341584,0.14988772909333653,0.1620309550402395,0.2522318218705355,
service,weekly,m3_out,model_p50,3,2025-12-29,2026-02-16,0.1998888481753211,0.4002951127620358,0.0789756384174866,0.18364851300152535,0.16820336414773274,0.30904463826618056,
service,weekly,m3_out,model_p80,3,2025-12-29,2026-02-16,0.2826011672787159,1.1961707236029069,0.11165509135251017,0.2055441276416816,0.18638858780074682,0.345890688340251,
service,weekly,cajas_out,naive_t7,3,2025-12-29,2026-02-16,1.2751677852348993,0.9025217624223634,0.752106234675042,0.9656160458452722,1.8670360110803323,3.001497644433424,
service,weekly,cajas_out,ma7,3,2025-12-29,2026-02-16,0.8781759348034516,1.0725434079344218,0.5179566197914821,0.7777322963569382,1.272605492297388,2.4174843257412064,
service,weekly,cajas_out,ma28,3,2025-12-29,2026-02-16,0.9432376558005753,1.3574366686687718,0.5563306491288142,0.3922431436758084,0.4879383871173063,1.2192391342850057,
service,weekly,cajas_out,model_p50,3,2025-12-29,2026-02-16,0.37729412201434137,1.1104144712999635,0.22253170505006098,0.4425232883046048,0.5682567000605678,1.3755287240390752,
service,weekly,cajas_out,model_p80,3,2025-12-29,2026-02-16,0.405146584078436,1.1534112961767438,0.23895935528716045,0.3735962185166381,0.45941385868630924,1.161277481532868,
service,weekly,pales_out,naive_t7,3,2025-12-29,2026-02-16,1.4598006644518273,0.9080587533613065,0.5222252503730132,0.8863636363636364,1.5918367346938775,1.3349189832020218,
service,weekly,pales_out,ma7,3,2025-12-29,2026-02-16,0.8317038443284291,1.2397911203335088,0.2975315458591808,0.625,0.9090909090909091,0.9412890266168102,
service,weekly,pales_out,ma28,3,2025-12-29,2026-02-16,1.161200759373517,1.3155466252929204,0.41540490565873356,0.07021103896103899,0.06782983728680653,0.10574220883422612,
service,weekly,pales_out,model_p50,3,2025-12-29,2026-02-16,0.24190459945913384,0.9799656190364234,0.0865383151927579,0.11181410350267287,0.1058938884035456,0.16839902183689956,
service,weekly,pales_out,model_p80,3,2025-12-29,2026-02-16,0.3705352050440482,1.0429938133802745,0.13255428973160968,0.12740330610594294,0.11977353399825763,0.19187733438756246,
service,weekly,peso_facturable_out,naive_t7,3,2025-12-29,2026-02-16,1.4401261656609983,0.7490080274440073,0.35749387529561993,0.6402119390599169,0.9416348877446525,0.6945525635272117,
service,weekly,peso_facturable_out,ma7,3,2025-12-29,2026-02-16,0.7826863173853025,0.5846872954146548,0.19429239702377218,0.6430391586988831,0.9477637660970487,0.6976197550744075,
service,weekly,peso_facturable_out,ma28,3,2025-12-29,2026-02-16,1.4791510943801127,0.7115591309052883,0.3671813411118724,0.20249867561363258,0.18388086027540057,0.21968658451580492,
service,weekly,peso_facturable_out,model_p50,3,2025-12-29,2026-02-16,0.2711937856551375,1.1977764736624499,0.06732057211490637,0.31638707192046117,0.3758430060065613,0.34324172740655284,
service,weekly,peso_facturable_out,model_p80,3,2025-12-29,2026-02-16,0.3998674218818985,1.1765219069818322,0.09926224358781532,0.22636757281817765,0.20335148210197596,0.24558145265326517,
service,weekly,m3_in,naive_t7,3,2025-12-29,2026-02-16,0.7239358202156198,0.6269352978329619,0.4672359620486042,0.8080481036077706,1.3558401241753977,4.109042163095452,
service,weekly,m3_in,ma7,3,2025-12-29,2026-02-16,0.8141533922877244,1.144046949718406,0.5254633530737426,0.8439110611867319,1.4599414160177182,4.291410519790198,
service,weekly,m3_in,ma28,3,2025-12-29,2026-02-16,0.7208419800577011,1.1885395608541733,0.46523916434604107,0.7333144740319809,1.157847719893336,3.7290107843235556,
service,weekly,m3_in,model_p50,3,2025-12-29,2026-02-16,0.5485768365332697,1.291496375976581,0.3540573885387525,0.7986299991413146,1.3295321151193882,4.06114973172123,
service,weekly,m3_in,model_p80,3,2025-12-29,2026-02-16,0.658251493360422,1.4166732600065843,0.4248425912653179,0.6508976919719981,0.9649345169728789,3.30990945741109,
service,weekly,cajas_in,naive_t7,3,2025-12-29,2026-02-16,0.6088560885608856,0.49719652220548816,0.1810669716833106,0.008130081300813009,0.00816326530612245,0.009876380273635124,
service,weekly,cajas_in,ma7,3,2025-12-29,2026-02-16,0.41433842909857677,0.795707355309601,0.12321960150916204,0.45876887340301975,0.5953278070836474,0.5573100297265534,
service,weekly,cajas_in,ma28,3,2025-12-29,2026-02-16,1.1209804955192408,1.4785656672175937,0.33336702622039827,0.26800232288037174,0.23633337600819362,0.3255678211630436,
service,weekly,cajas_in,model_p50,3,2025-12-29,2026-02-16,0.30342678824617003,1.3277760611883092,0.09023572352735551,0.22724390864189709,0.25637357530421034,0.2760547125635927,
service,weekly,cajas_in,model_p80,3,2025-12-29,2026-02-16,0.6220432545572642,1.2879114063308794,0.18498868694067658,0.06028731856936947,0.06216108101629227,0.07323671951587189,
service,weekly,pales_in,naive_t7,3,2025-12-29,2026-02-16,0.5409691629955947,0.8880951833695305,0.1877085188725751,0.3741258741258741,0.46021505376344085,0.5888055494276541,
service,weekly,pales_in,ma7,3,2025-12-29,2026-02-16,0.43851478917558206,1.0511671380240877,0.15215832474454433,0.6458541458541459,0.9538915529324973,1.0164560419358568,
service,weekly,pales_in,ma28,3,2025-12-29,2026-02-16,0.98373190685966,1.274880577012993,0.34134082279626066,0.07642357642357633,0.07361077700264605,0.12027670101793186,
service,weekly,pales_in,model_p50,3,2025-12-29,2026-02-16,0.3602202359425888,1.257172805951973,0.12499124087275099,0.5370507078883408,0.7342027653099961,0.8452193740075666,
service,weekly,pales_in,model_p80,3,2025-12-29,2026-02-16,0.4010210551876564,1.0675880765724275,0.13914853831808,0.5370507078883408,0.7342027653099961,0.8452193740075666,
service,weekly,peso_facturable_in,naive_t7,3,2025-12-29,2026-02-16,0.5181904122431024,0.5126723066331488,0.1562855310294787,0.5203987310813144,0.7034310418801268,0.7738897056934255,
service,weekly,peso_facturable_in,ma7,3,2025-12-29,2026-02-16,0.46260873194117125,0.41871839160763746,0.13952217104391643,0.645466554723403,0.9530463156509186,0.959879208452166,
service,weekly,peso_facturable_in,ma28,3,2025-12-29,2026-02-16,0.876023366173336,0.5639997147545713,0.26420746841684484,0.08584263681878347,0.08969235076484838,0.12765736919765006,
service,weekly,peso_facturable_in,model_p50,3,2025-12-29,2026-02-16,0.46341325893852076,1.2937033966052187,0.13976481530370513,0.3192763268426901,0.37992720866829477,0.4747987415375911,
service,weekly,peso_facturable_in,model_p80,3,2025-12-29,2026-02-16,0.6824883578351836,1.311994025882215,0.20583757033248415,0.04325853024988676,0.0423426890033307,0.06433015540651663,
workload,weekly,conteo_movimientos,naive_t7,1,2024-11-18,2025-12-29,0.6514926953207707,0.6513367340336029,1.230882632680236,0.2540983606557377,0.22545454545454546,0.7936532802202106,
workload,weekly,conteo_movimientos,ma7,1,2024-11-18,2025-12-29,0.45833459362995677,0.5668010461009212,0.8659438475789785,0.025175644028103027,0.02549659057219091,0.0786338503443987,
workload,weekly,conteo_movimientos,ma28,1,2024-11-18,2025-12-29,0.6984437857294092,0.6749158919469571,1.3195885877653326,0.07742974238875888,0.07454378919185524,0.24184480716387785,
workload,weekly,conteo_movimientos,model_p50,1,2024-11-18,2025-12-29,0.20772012390160507,0.41010186751233385,0.3924512044494768,0.038859637101856165,0.03811899200387656,0.12137456681918476,
workload,weekly,conteo_movimientos,model_p80,1,2024-11-18,2025-12-29,0.34880228874619446,0.5048165049878253,0.6590015245610993,0.12930486441059452,0.121452654875127,0.40387206561688854,
workload,weekly,unidades_movidas,naive_t7,1,2024-11-18,2025-12-29,0.7503022348839351,0.7257820279736691,1.3632855677103837,0.4570860667727618,0.5924971664708439,1.4872474857468119,
workload,weekly,unidades_movidas,ma7,1,2024-11-18,2025-12-29,0.5335887337541015,0.6224312828693268,0.9695210623121127,0.3020184768700298,0.3557382371432461,0.9826950612286751,
workload,weekly,unidades_movidas,ma28,1,2024-11-18,2025-12-29,0.5254805986338333,0.6016671054247387,0.9547887276920283,0.2320033684151988,0.26244774935711845,0.7548828359535928,
workload,weekly,unidades_movidas,model_p50,1,2024-11-18,2025-12-29,0.30892512870695477,0.47936900002571664,0.5613113621265071,0.2829858177178199,0.3296254866592745,0.9207673926146315,
workload,weekly,unidades_movidas,model_p80,1,2024-11-18,2025-12-29,0.4758463747556888,0.583121191237967,0.8646042421186275,0.1938876756813309,0.2147016805884123,0.6308635925183625,
workload,weekly,skus_distintos,naive_t7,1,2024-11-18,2025-12-29,0.3835763293310463,0.5015354572187068,1.1214186772338337,0.09912854030501089,0.10429799426934097,0.4563403001823538,
workload,weekly,skus_distintos,ma7,1,2024-11-18,2025-12-29,0.44459078657191864,0.5466519630542671,1.299799736488788,0.22844693432928723,0.25790583274771606,1.051660220828407,
workload,weekly,skus_distintos,ma28,1,2024-11-18,2025-12-29,0.4356162705219309,0.5449671606900979,1.2735619602027934,0.25910364145658266,0.2976669348350765,1.1927890106807209,
workload,weekly,skus_distintos,model_p50,1,2024-11-18,2025-12-29,0.37472505060427796,0.5559468793143322,1.0955411959541328,0.4508716398691665,0.5820971992677063,2.0755969859792733,
workload,weekly,skus_distintos,model_p80,1,2024-11-18,2025-12-29,0.31792290256093364,0.4847554992921406,0.9294751880909832,0.35011072272091404,0.42440511317013824,1.6117420049959765,
workload,weekly,workload_atribuible_movs,naive_t7,1,2024-11-18,2025-12-29,1.0645050017247326,0.9307560328855645,1.2444952058657641,0.001218026796589525,0.001218769043266301,0.0032261703327693173,
workload,weekly,workload_atribuible_movs,ma7,1,2024-11-18,2025-12-29,0.7851475878381707,0.8494402248390143,0.9179030698573845,0.12302070645554203,0.13108371187540557,0.32584320360970104,
workload,weekly,workload_atribuible_movs,ma28,1,2024-11-18,2025-12-29,1.0233454885921254,0.900404138221458,1.1963762992506648,0.0554637202018445,0.05704570367553304,0.14690597051003157,
workload,weekly,workload_atribuible_movs,model_p50,1,2024-11-18,2025-12-29,0.3506894651404445,0.6584519552981293,0.40998525831987376,0.11505009539875233,0.10879183963447621,0.3047315589419,
workload,weekly,workload_atribuible_movs,model_p80,1,2024-11-18,2025-12-29,0.676309827226759,0.830285133978927,0.7906626425427059,0.2061159685663868,0.1868586887572627,0.545936447999989,
workload,weekly,workload_no_atribuible_movs,naive_t7,1,2024-11-18,2025-12-29,0.5599511226515962,0.5861294642900755,1.2125707782835573,0.2649712879409352,0.3054373522458629,0.8546870952222346,
workload,weekly,workload_no_atribuible_movs,ma7,1,2024-11-18,2025-12-29,0.40312902310763926,0.5024294194314046,0.8729734677261601,0.13230985585374425,0.14168287632553173,0.42677652830866986,
workload,weekly,workload_no_atribuible_movs,ma28,1,2024-11-18,2025-12-29,0.5684882934386523,0.5806148616826784,1.231057970123766,0.05592991913746623,0.05440839069157645,0.18040664139531662,
workload,weekly,workload_no_atribuible_movs,model_p50,1,2024-11-18,2025-12-29,0.23682367872461135,0.3939223450413174,0.5128402476759613,0.10249778828355732,0.1080344335312683,0.3306152059550879,
workload,weekly,workload_no_atribuible_movs,model_p80,1,2024-11-18,2025-12-29,0.3206337585900102,0.4488524817118544,0.6943304700531483,0.047030443297803495,0.04594992072715499,0.15170063625223368,
workload,weekly,picking_movs,naive_t7,1,2024-11-18,2025-12-29,1.0167304015296368,0.9050722618869058,1.3614110001074229,0.27964601769911507,0.32510288065843623,0.8090378486769076,
workload,weekly,picking_movs,ma7,1,2024-11-18,2025-12-29,0.6892242556678502,0.7497037893636058,0.9228773741745059,0.2485461441213654,0.28381694817381264,0.7190634767173602,
workload,weekly,picking_movs,ma28,1,2024-11-18,2025-12-29,0.9148627424201039,0.8188397083428756,1.2250093035925296,0.0691529709228824,0.07162967327964377,0.2000649652921647,
workload,weekly,picking_movs,model_p50,1,2024-11-18,2025-12-29,0.19674608005103575,0.45304989784836264,0.2634447413065656,0.06865205746816178,0.07109237642406845,0.1986157834045952,
workload,weekly,picking_movs,model_p80,1,2024-11-18,2025-12-29,0.3920682808363472,0.5942516737818614,0.5249828956828441,0.10449927613799204,0.09931034647800946,0.30232459682633533,
workload,weekly,picking_movs_atribuibles,naive_t7,1,2024-11-18,2025-12-29,0.9710540688148552,0.9659941856596479,1.28577352536613,0.34215500945179583,0.4127708095781072,1.0471316449550934,
workload,weekly,picking_movs_atribuibles,ma7,1,2024-11-18,2025-12-29,0.7092143247249747,0.824440508888474,0.9390712956434294,0.3607885498244666,0.44019769357495875,1.1041577566377305,
workload,weekly,picking_movs_atribuibles,ma28,1,2024-11-18,2025-12-29,0.8558555044082078,0.8565703727738713,1.1332390074324088,0.19720496894409933,0.218776916451335,0.6035263486412445,
workload,weekly,picking_movs_atribuibles,model_p50,1,2024-11-18,2025-12-29,0.11272787045208679,0.48553811633803035,0.14926306994943583,0.03742853892809332,0.03814234505137541,0.11454635020201778,
workload,weekly,picking_movs_atribuibles,model_p80,1,2024-11-18,2025-12-29,0.2480395439353172,0.604856128926285,0.3284293728619625,0.08321788649059203,0.0798935982935339,0.254680130243297,
workload,weekly,picking_movs_atribuibles_entrega,naive_t7,1,2024-11-18,2025-12-29,0.9710540688148552,0.9659941856596479,1.28577352536613,0.34215500945179583,0.4127708095781072,1.0471316449550934,
workload,weekly,picking_movs_atribuibles_entrega,ma7,1,2024-11-18,2025-12-29,0.7092143247249747,0.824440508888474,0.9390712956434294,0.3607885498244666,0.44019769357495875,1.1041577566377305,
workload,weekly,picking_movs_atribuibles_entrega,ma28,1,2024-11-18,2025-12-29,0.8558555044082078,0.8565703727738713,1.1332390074324088,0.19720496894409933,0.218776916451335,0.6035263486412445,
workload,weekly,picking_movs_atribuibles_entrega,model_p50,1,2024-11-18,2025-12-29,0.11272787045208679,0.48553811633803035,0.14926306994943583,0.03742853892809332,0.03814234505137541,0.11454635020201778,
workload,weekly,picking_movs_atribuibles_entrega,model_p80,1,2024-11-18,2025-12-29,0.2480395439353172,0.604856128926285,0.3284293728619625,0.08321788649059203,0.0798935982935339,0.254680130243297,
workload,weekly,picking_movs_no_atribuibles,naive_t7,1,2024-11-18,2025-12-29,1.6513409961685823,0.9676303407215183,0.9424006116207951,2.5625,1.1232876712328768,2.151559633027523,
workload,weekly,picking_movs_no_atribuibles,ma7,1,2024-11-18,2025-12-29,1.1357416529830324,0.8152219142810815,0.6481542158147663,0.3422619047619048,0.29224904701397714,0.28737439930100483,
workload,weekly,picking_movs_no_atribuibles,ma28,1,2024-11-18,2025-12-29,1.8288177339901477,1.0101859930754744,1.0436844692005243,0.7819940476190478,0.5621824017116878,0.6565880297072959,
workload,weekly,picking_movs_no_atribuibles,model_p50,1,2024-11-18,2025-12-29,1.8415575713154166,0.9610982263611723,1.0509549424190412,1.4402987912490184,0.8373102911367245,1.209322434634038,
workload,weekly,picking_movs_no_atribuibles,model_p80,1,2024-11-18,2025-12-29,2.4442830591700804,1.102934798763644,1.3949231898685768,1.8284880413192564,0.9552011246137673,1.53525894992237,
workload,weekly,conteo_movimientos,naive_t7,2,2024-12-16,2026-01-26,1.1624858391325457,0.8517558780617915,1.4416683961027612,0.015006002400960384,0.015119443604475355,0.040141121985319814,
workload,weekly,conteo_movimientos,ma7,2,2024-12-16,2026-01-26,0.8794996878829214,0.8042817714551116,1.090720301031108,0.0013719773623734818,0.0013729191693838635,0.003670045438657707,
workload,weekly,conteo_movimientos,ma28,2,2024-12-16,2026-01-26,1.3119610200448524,0.9094927672310902,1.6270415310424675,0.20622534728176992,0.18694857942399634,0.5516537049982525,
workload,weekly,conteo_movimientos,model_p50,2,2024-12-16,2026-01-26,0.3762235573625294,0.5405874507751898,0.4665773932555148,0.02354481908869553,0.023270864936215205,0.06298249393196995,
workload,weekly,conteo_movimientos,model_p80,2,2024-12-16,2026-01-26,0.6439691614982251,0.6803598060877375,0.7986247719710347,0.08214696097870794,0.07890601625938543,0.21974347952647164,
workload,weekly,unidades_movidas,naive_t7,2,2024-12-16,2026-01-26,0.9937157358004032,0.9382884824881202,1.6325087116111334,0.44060143330321233,0.5650914945196095,2.018562562228828,
workload,weekly,unidades_movidas,ma7,2,2024-12-16,2026-01-26,0.9497525176923765,0.9623226952460303,1.5602844990258256,0.7305047996329068,1.150858702611354,3.34672002542645,
workload,weekly,unidades_movidas,ma28,2,2024-12-16,2026-01-26,0.9514893514644706,0.9316912545794773,1.563137826352156,0.5288029614120303,0.7188744234009151,2.4226472726144843,
workload,weekly,unidades_movidas,model_p50,2,2024-12-16,2026-01-26,0.6160354040226099,0.7442368194589831,1.0120431100124951,0.6137299597145864,0.885440703296492,2.8117301178762166,
workload,weekly,unidades_movidas,model_p80,2,2024-12-16,2026-01-26,0.8774124830559551,0.9012678014951649,1.4414419241449044,0.5457679367285699,0.7505926330640988,2.500370269987343,
workload,weekly,skus_distintos,naive_t7,2,2024-12-16,2026-01-26,1.5154116269996099,1.0066048712643771,2.4816920509075735,0.2681318681318681,0.3096446700507614,1.2472355518464426,
workload,weekly,skus_distintos,ma7,2,2024-12-16,2026-01-26,0.9899671144306337,0.7840304926875442,1.621205403713749,0.20737833594976446,0.23136877134600223,0.9646359273941162,
workload,weekly,skus_distintos,ma28,2,2024-12-16,2026-01-26,1.1737918733626889,0.8953873003939485,1.9222433757563113,0.24348508634222918,0.27723657163285365,1.1325891925725016,
workload,weekly,skus_distintos,model_p50,2,2024-12-16,2026-01-26,0.48221720854982164,0.5652583091264054,0.78969607461593,0.364184497059014,0.44526353541002284,1.6940315797894256,
workload,weekly,skus_distintos,model_p80,2,2024-12-16,2026-01-26,0.6350869265608158,0.66798563934031,1.0400409691997856,0.27167417651444625,0.3143784265938408,1.2637128657186687,
workload,weekly,workload_atribuible_movs,naive_t7,2,2024-12-16,2026-01-26,2.2028688524590163,1.1517424575520283,1.3029765831134563,0.6666666666666666,0.5,0.9631926121372031,
workload,weekly,workload_atribuible_movs,ma7,2,2024-12-16,2026-01-26,1.642857142857143,1.1974870208596633,0.9717348284960422,0.35570469798657717,0.301994301994302,0.5139182058047493,
workload,weekly,workload_atribuible_movs,ma28,2,2024-12-16,2026-01-26,2.3569233021077283,1.210516050129218,1.394098367414248,0.6160914030041547,0.4710014354213114,0.890122031662269,
workload,weekly,workload_atribuible_movs,model_p50,2,2024-12-16,2026-01-26,0.6154851915638242,0.7610877901911417,0.36405380690981604,0.5577772309043003,0.43614215043043336,0.8058703620380534,
workload,weekly,workload_atribuible_movs,model_p80,2,2024-12-16,2026-01-26,1.045169088298569,0.9886721421629774,0.6182078637713236,0.6978667890395118,0.5173471068880793,1.0082702031881547,
workload,weekly,workload_no_atribuible_movs,naive_t7,2,2024-12-16,2026-01-26,0.9658536585365853,0.7905226426380476,1.5194608875653688,0.2649712879409352,0.3054373522458629,0.862162260313771,
workload,weekly,workload_no_atribuible_movs,ma7,2,2024-12-16,2026-01-26,0.7589456143008635,0.7383550862599133,1.1939574556943637,0.13230985585374425,0.14168287632553173,0.4305091516560137,
workload,weekly,workload_no_atribuible_movs,ma28,2,2024-12-16,2026-01-26,0.9875018936524769,0.7829393693140627,1.5535174408047645,0.05592991913746623,0.05440839069157645,0.18198449302730943,
workload,weekly,workload_no_atribuible_movs,model_p50,2,2024-12-16,2026-01-26,0.4439427664710326,0.5511697526226229,0.6984015269894526,0.08430286421493673,0.08801272668854197,0.2743042407624048,
workload,weekly,workload_no_atribuible_movs,model_p80,2,2024-12-16,2026-01-26,0.7037184451183396,0.6864008085725646,1.107075221763661,0.006954898044352094,0.006979167744400462,0.02262981270448839,
workload,weekly,picking_movs,naive_t7,2,2024-12-16,2026-01-26,1.7719429857464366,1.1388235419242776,1.5094685771919452,0.4019370460048426,0.503030303030303,0.8486766598268006,
workload,weekly,picking_movs,ma7,2,2024-12-16,2026-01-26,1.076733469081556,0.9107855237134816,0.9172390707056655,0.07160152196471806,0.07426008968609861,0.15118422425486028,
workload,weekly,picking_movs,ma28,2,2024-12-16,2026-01-26,1.5756081877612262,1.0295545376726003,1.3422164643689356,0.17589069526115536,0.16167236308719504,0.37138733349563535,
workload,weekly,picking_movs,model_p50,2,2024-12-16,2026-01-26,0.36812158137021717,0.5620243337923514,0.31359245987842754,0.08441174534135377,0.08099335031095796,0.17823258343195247,
workload,weekly,picking_movs,model_p80,2,2024-12-16,2026-01-26,0.7175217221717112,0.7759735466260822,0.6112366491377812,0.12580420849546564,0.11835916778479176,0.2656313880975277,
workload,weekly,picking_movs_atribuibles,naive_t7,2,2024-12-16,2026-01-26,2.0719769673704413,1.273279308165384,1.5620594952159705,0.4946236559139785,0.6571428571428571,1.0650076780722133,
workload,weekly,picking_movs_atribuibles,ma7,2,2024-12-16,2026-01-26,1.3809980806142035,1.1186686065408766,1.0411318265936922,0.1493855606758832,0.16144428304627512,0.3216521636413749,
workload,weekly,picking_movs_atribuibles,ma28,2,2024-12-16,2026-01-26,1.730531944063614,1.1392891100297644,1.3046447415049023,0.06173195084485409,0.05988358556461003,0.13291924243020833,
workload,weekly,picking_movs_atribuibles,model_p50,2,2024-12-16,2026-01-26,0.21440068179560293,0.5521619858530801,0.16163626625861166,0.025094181616893557,0.025413041354487118,0.05403198123944589,
workload,weekly,picking_movs_atribuibles,model_p80,2,2024-12-16,2026-01-26,0.6414881435666162,0.8739558247348036,0.48361669145308933,0.013220553440245236,0.013308526483035177,0.02846606860362919,
workload,weekly,picking_movs_atribuibles_entrega,naive_t7,2,2024-12-16,2026-01-26,2.0719769673704413,1.273279308165384,1.5620594952159705,0.4946236559139785,0.6571428571428571,1.0650076780722133,
workload,weekly,picking_movs_atribuibles_entrega,ma7,2,2024-12-16,2026-01-26,1.3809980806142035,1.1186686065408766,1.0411318265936922,0.1493855606758832,0.16144428304627512,0.3216521636413749,
workload,weekly,picking_movs_atribuibles_entrega,ma28,2,2024-12-16,2026-01-26,1.730531944063614,1.1392891100297644,1.3046447415049023,0.06173195084485409,0.05988358556461003,0.13291924243020833,
workload,weekly,picking_movs_atribuibles_entrega,model_p50,2,2024-12-16,2026-01-26,0.21440068179560293,0.5521619858530801,0.16163626625861166,0.025094181616893557,0.025413041354487118,0.05403198123944589,
workload,weekly,picking_movs_atribuibles_entrega,model_p80,2,2024-12-16,2026-01-26,0.6414881435666162,0.8739558247348036,0.48361669145308933,0.013220553440245236,0.013308526483035177,0.02846606860362919,
workload,weekly,picking_movs_no_atribuibles,naive_t7,2,2024-12-16,2026-01-26,1.1649484536082475,0.936387761858817,0.7443983030592733,0.5813953488372093,0.819672131147541,0.8783460803059273,
workload,weekly,picking_movs_no_atribuibles,ma7,2,2024-12-16,2026-01-26,0.6990672557682868,0.7968755443571682,0.4467017208413002,0.6162790697674418,0.8907563025210085,0.9310468451242829,
workload,weekly,picking_movs_no_atribuibles,ma28,2,2024-12-16,2026-01-26,1.2648502700049093,0.9333714057719705,0.8082352413957935,0.125,0.13333333333333333,0.18884440726577437,
workload,weekly,picking_movs_no_atribuibles,model_p50,2,2024-12-16,2026-01-26,1.2882845778866303,0.8270000982637984,0.8232096885196042,0.13626953264903355,0.12757709695934816,0.20586991297192664,
workload,weekly,picking_movs_no_atribuibles,model_p80,2,2024-12-16,2026-01-26,1.8798492840466856,1.0184560071052027,1.2012176270265456,0.4135463671724981,0.3426877335337653,0.6247673486848376,
workload,weekly,conteo_movimientos,naive_t7,3,2026-01-05,2026-02-23,0.8729867312025369,1.0821146868621039,2.0670558399547754,0.911529223378703,1.6748804707613094,3.599415847492227,
workload,weekly,conteo_movimientos,ma7,3,2026-01-05,2026-02-23,0.5422443700003577,0.6780895740400364,1.2839248886954675,0.4575660528422738,0.593303919024137,1.806821393800446,
workload,weekly,conteo_movimientos,ma28,3,2026-01-05,2026-02-23,0.43922640407243596,0.4800494009806196,1.0399992017629263,0.35575603339814704,0.4327290117820964,1.4047974235075769,
workload,weekly,conteo_movimientos,model_p50,3,2026-01-05,2026-02-23,0.12806445559594218,0.20754537001348522,0.30323070370791905,0.1874678809777166,0.20685744435672745,0.7402668443100903,
workload,weekly,conteo_movimientos,model_p80,3,2026-01-05,2026-02-23,0.15461445830583,0.24600622500917305,0.366095734974421,0.16078391656984561,0.1748396156584083,0.6348981058207199,
workload,weekly,unidades_movidas,naive_t7,3,2026-01-05,2026-02-23,0.829728999133231,1.190474807450846,2.6094181675460963,0.9242672594712833,1.718395703038677,4.390549190863055,
workload,weekly,unidades_movidas,ma7,3,2026-01-05,2026-02-23,0.569067555526193,0.7477365533330798,1.7896629134359767,0.3862366817284454,0.4786782266709718,1.8347411239196285,
workload,weekly,unidades_movidas,ma28,3,2026-01-05,2026-02-23,0.547910223606551,0.6897704054585816,1.7231251326116472,0.517287639925695,0.6977585860278005,2.4572728349356665,
workload,weekly,unidades_movidas,model_p50,3,2026-01-05,2026-02-23,0.41850329847851453,0.5087183565577036,1.3161527575492755,0.39725103927739336,0.49571211588655895,1.8870626555208594,
workload,weekly,unidades_movidas,model_p80,3,2026-01-05,2026-02-23,0.3836050317376584,0.5116904194174596,1.206401053867002,0.2919178881290254,0.34180779261164274,1.3866983108938802,
workload,weekly,skus_distintos,naive_t7,3,2026-01-05,2026-02-23,1.1593191964285714,1.1167377064470052,2.5878774129681568,0.7845744680851063,1.2910284463894968,2.939778914370566,
workload,weekly,skus_distintos,ma7,3,2026-01-05,2026-02-23,0.6111686862244898,0.6563496416462056,1.3642745185848635,0.6884498480243162,1.0498261877172657,2.5796026115445354,
workload,weekly,skus_distintos,ma28,3,2026-01-05,2026-02-23,0.5329340720663265,0.524322727501809,1.1896361691847173,0.241451367781155,0.27460300313276437,0.9047116223159779,
workload,weekly,skus_distintos,model_p50,3,2026-01-05,2026-02-23,0.19226187713817014,0.24145739100820693,0.4291744419944872,0.19549408446762645,0.2166732541965105,0.7325109480108205,
workload,weekly,skus_distintos,model_p80,3,2026-01-05,2026-02-23,0.24714341861760405,0.3117352235498204,0.55168315402223,0.0635460647880739,0.06563137251299436,0.238105353862906,
workload,weekly,workload_atribuible_movs,naive_t7,3,2026-01-05,2026-02-23,1.100253807106599,1.2556445930365436,1.035495454641328,0.8407494145199064,1.4505050505050505,1.1433844466474026,
workload,weekly,workload_atribuible_movs,ma7,3,2026-01-05,2026-02-23,0.6157843848199178,0.7512947628824729,0.5795407635961517,0.6597524255603882,0.9845232151772343,0.8972360241896848,
workload,weekly,workload_atribuible_movs,ma28,3,2026-01-05,2026-02-23,0.8222141648537588,0.6558850779564261,0.773820572079415,0.23076279692204762,0.2068913801507256,0.3138278639375433,
workload,weekly,workload_atribuible_movs,model_p50,3,2026-01-05,2026-02-23,0.3674286539403101,0.34925228259314434,0.3458026671688766,0.16302185406343261,0.17748916003605186,0.22170298210221143,
workload,weekly,workload_atribuible_movs,model_p80,3,2026-01-05,2026-02-23,0.5746349696275234,0.5069575025529894,0.5408133062425367,0.0074501127096475725,0.007477968563967954,0.010131845292863397,
workload,weekly,workload_no_atribuible_movs,naive_t7,3,2026-01-05,2026-02-23,0.8171327580829608,1.021375145636557,2.570830734040341,0.9183212996389891,1.6979557780559031,5.324824980938518,
workload,weekly,workload_no_atribuible_movs,ma7,3,2026-01-05,2026-02-23,0.5514086703399522,0.6811915704679773,1.7348201289249325,0.5227565755544095,0.7077460178922104,3.031169236253453,
workload,weekly,workload_no_atribuible_movs,ma28,3,2026-01-05,2026-02-23,0.4769392422734766,0.5233247258351683,1.5005273625097784,0.5075908973697782,0.6802302350946534,2.943232059927319,
workload,weekly,workload_no_atribuible_movs,model_p50,3,2026-01-05,2026-02-23,0.19900430066921895,0.2572475490883755,0.6260994523911758,0.2833539432743647,0.330125062372892,1.6430089949867406,
workload,weekly,workload_no_atribuible_movs,model_p80,3,2026-01-05,2026-02-23,0.24796720503203748,0.3306807551708518,0.7801446037067618,0.2200507580370825,0.24725509340301394,1.2759496855087058,
workload,weekly,picking_movs,naive_t7,3,2026-01-05,2026-02-23,1.0085714285714287,1.0412968774599782,1.1084838956544887,0.3392857142857143,0.40860215053763443,0.668230518400213,
workload,weekly,picking_movs,ma7,3,2026-01-05,2026-02-23,0.46,0.5093109010299198,0.5055691422106874,0.6282798833819242,0.9160467587672687,1.2374107558775156,
workload,weekly,picking_movs,ma28,3,2026-01-05,2026-02-23,0.7619795918367347,0.609747481323984,0.8374638448411906,0.020954810495626842,0.0211766872295369,0.04127095038454595,
workload,weekly,picking_movs,model_p50,3,2026-01-05,2026-02-23,0.11078293859922042,0.14105338937092463,0.12175746791127635,0.029857148901457315,0.0303096284462917,0.05880429752362618,
workload,weekly,picking_movs,model_p80,3,2026-01-05,2026-02-23,0.34049659390515247,0.36560709036346584,0.3742273280571494,0.01801639921419837,0.018180169812762697,0.03548368610790011,
workload,weekly,picking_movs_atribuibles,naive_t7,3,2026-01-05,2026-02-23,1.2290575916230366,1.329410664685656,1.3378340126811594,0.358600583090379,0.4369449378330373,0.700973731884058,
workload,weekly,picking_movs_atribuibles,ma7,3,2026-01-05,2026-02-23,0.5835826477187733,0.6875813143482703,0.6352320026742582,0.6859641815910037,1.0440570522979398,1.3408870341614907,
workload,weekly,picking_movs_atribuibles,ma28,3,2026-01-05,2026-02-23,0.6834798055347794,0.601985100975846,0.7439704510653901,0.09610578925447733,0.10095706863549361,0.18786258842305045,
workload,weekly,picking_movs_atribuibles,model_p50,3,2026-01-05,2026-02-23,0.05628000189583065,0.14530483441273503,0.06126100296941621,0.015471721606079746,0.015592341791774331,0.030243315109589684,
workload,weekly,picking_movs_atribuibles,model_p80,3,2026-01-05,2026-02-23,0.15201813653191215,0.2687747968772044,0.16547233830453195,0.00031968851938621144,0.0003197396279303325,0.0006249104576000169,
workload,weekly,picking_movs_atribuibles_entrega,naive_t7,3,2026-01-05,2026-02-23,1.2290575916230366,1.329410664685656,1.3378340126811594,0.358600583090379,0.4369449378330373,0.700973731884058,
workload,weekly,picking_movs_atribuibles_entrega,ma7,3,2026-01-05,2026-02-23,0.5835826477187733,0.6875813143482703,0.6352320026742582,0.6859641815910037,1.0440570522979398,1.3408870341614907,
workload,weekly,picking_movs_atribuibles_entrega,ma28,3,2026-01-05,2026-02-23,0.6834798055347794,0.601985100975846,0.7439704510653901,0.09610578925447733,0.10095706863549361,0.18786258842305045,
workload,weekly,picking_movs_atribuibles_entrega,model_p50,3,2026-01-05,2026-02-23,0.05628000189583065,0.14530483441273503,0.06126100296941621,0.015471721606079746,0.015592341791774331,0.030243315109589684,
workload,weekly,picking_movs_atribuibles_entrega,model_p80,3,2026-01-05,2026-02-23,0.15201813653191215,0.2687747968772044,0.16547233830453195,0.00031968851938621144,0.0003197396279303325,0.0006249104576000169,
workload,weekly,picking_movs_no_atribuibles,naive_t7,3,2026-01-05,2026-02-23,1.1396396396396395,1.0706469759748447,0.5548890309086684,0.5813953488372093,0.819672131147541,0.8772949105275389,
workload,weekly,picking_movs_no_atribuibles,ma7,3,2026-01-05,2026-02-23,0.8063063063063063,0.7399906992910683,0.3925894724610737,0.6162790697674418,0.8907563025210085,0.9299326051591913,
workload,weekly,picking_movs_no_atribuibles,ma28,3,2026-01-05,2026-02-23,1.6221042471042473,1.044112228520158,0.7898004091829621,0.125,0.13333333333333333,0.18861840576342087,
workload,weekly,picking_movs_no_atribuibles,model_p50,3,2026-01-05,2026-02-23,1.007150656152645,0.7031639915116767,0.49038032035133877,0.12428549021421226,0.1325206896527191,0.1875402481898397,
workload,weekly,picking_movs_no_atribuibles,model_p80,3,2026-01-05,2026-02-23,1.9396132457700117,1.0790291944614743,0.9443951200427366,0.26741008791845083,0.23587271605017968,0.40350771574587524,
workload_expected_from_service,daily,picking_movs_atribuibles_entrega,expected_picking_p50,0,2022-01-03,2026-03-05,0.6242480823584456,,,,,,
workload_expected_from_service,daily,picking_movs_atribuibles_entrega,expected_picking_p80,0,2022-01-03,2026-03-05,0.5106131868553664,,,,,,0.7801778907242694
workload_expected_from_service,weekly,picking_movs_atribuibles_entrega,expected_picking_p50,0,2022-01-03,2026-03-02,0.5714824128392334,,,,,,
workload_expected_from_service,weekly,picking_movs_atribuibles_entrega,expected_picking_p80,0,2022-01-03,2026-03-02,0.36987753446438754,,,,,,0.8622754491017964
