axis,freq,target,model,fold_id,fold_start,fold_end,wape,smape,mase,wape_peak5,smape_peak5,mase_peak5
service,daily,conteo_servicios,naive_t7,1,2024-11-15,2024-12-12,0.739460370994941,0.6748324730972034,0.6319284639691739,0.6017441860465116,0.9205572098512724,2.2704750170659826
service,daily,conteo_servicios,ma7,1,2024-11-15,2024-12-12,0.5283064321850157,0.49849474114668,0.4514804109739041,0.4401993355481728,0.5796784994814865,1.660941006273252
service,daily,conteo_servicios,ma28,1,2024-11-15,2024-12-12,0.5599253192001928,0.5409406738213606,0.4785012974036008,0.5497300664451827,0.7510562207112759,2.0742176009945443
service,daily,conteo_servicios,model_p50,1,2024-11-15,2024-12-12,0.111703819197827,0.17213998306760145,0.09545991327458989,0.07764574689950757,0.07475665897455215,0.29296955850128303
service,daily,conteo_servicios,model_p80,1,2024-11-15,2024-12-12,0.13297046336528334,0.21693220442292346,0.11363397412985594,0.08159663154227127,0.0823497401834214,0.30787686476981635
service,daily,m3_out,naive_t7,1,2024-11-15,2024-12-12,0.812039548657368,0.47210726990854074,0.46104672925902485,0.6909350463954318,1.1022320470704792,2.5896910064626244
service,daily,m3_out,ma7,1,2024-11-15,2024-12-12,0.5889002134728665,0.5169301349400572,0.33435627332501716,0.5679276707113966,0.783901078285771,2.1286475318272333
service,daily,m3_out,ma28,1,2024-11-15,2024-12-12,0.6274813927786096,0.9135389825560719,0.35626127359166576,0.6270563543047483,0.8919234696130115,2.3502675247983835
service,daily,m3_out,model_p50,1,2024-11-15,2024-12-12,0.14367915404655085,1.248944352746133,0.08157583475508326,0.1933394022543147,0.20010589203876877,0.7246546745962962
service,daily,m3_out,model_p80,1,2024-11-15,2024-12-12,0.1739162963500207,1.2734744111010168,0.09874339215324715,0.14813144129935452,0.13703111406557264,0.555210888937506
service,daily,cajas_out,naive_t7,1,2024-11-15,2024-12-12,0.8499175371083013,0.5092001308791887,0.5153893721845059,0.6404040404040404,1.0861149794712808,2.06827250458334
service,daily,cajas_out,ma7,1,2024-11-15,2024-12-12,0.5499882195869001,0.34606654049078184,0.33351245365072024,0.5506493506493506,0.7741207511590262,1.7783974487359226
service,daily,cajas_out,ma28,1,2024-11-15,2024-12-12,0.5926431320191627,0.4003865417064668,0.35937836131729844,0.5923520923520924,0.8442022084312814,1.9130821611794977
service,daily,cajas_out,model_p50,1,2024-11-15,2024-12-12,0.24618998812674506,1.005419634139772,0.14928942853733096,0.23803386142115543,0.216808477387357,0.768762936640071
service,daily,cajas_out,model_p80,1,2024-11-15,2024-12-12,0.6342635729519701,1.1190031872061723,0.3846169662240572,0.6263979639290846,0.46319033743195265,2.0230379635083557
service,daily,pales_out,naive_t7,1,2024-11-15,2024-12-12,0.7661290322580645,0.5983844452225874,0.4166442640796667,0.5612472160356348,0.8406524055405293,1.5450297070984331
service,daily,pales_out,ma7,1,2024-11-15,2024-12-12,0.5672317314022383,0.6379296805569965,0.30847786383470915,0.4727966910594973,0.605659782298957,1.301538630809678
service,daily,pales_out,ma28,1,2024-11-15,2024-12-12,0.5831961816984857,1.0358045135822909,0.31715981735044013,0.47741011772192177,0.6082240112050828,1.3142387049326525
service,daily,pales_out,model_p50,1,2024-11-15,2024-12-12,0.1812461419867503,0.9404879604428021,0.09856716331813892,0.18757725695944458,0.1743107173555973,0.5163721549043326
service,daily,pales_out,model_p80,1,2024-11-15,2024-12-12,0.2689161406230112,0.9937843479875531,0.14624477443282438,0.36151115257965694,0.27686712213760745,0.9951861750482182
service,daily,peso_facturable_out,naive_t7,1,2024-11-15,2024-12-12,0.764582333602184,0.47471595073106615,0.3368332317439453,0.6993978568654701,1.0677965657717852,1.756338329922259
service,daily,peso_facturable_out,ma7,1,2024-11-15,2024-12-12,0.5152847946280023,0.3613938912484014,0.22700634714556703,0.49675497868997326,0.6693735515435204,1.2474585117591166
service,daily,peso_facturable_out,ma28,1,2024-11-15,2024-12-12,0.5964071373357639,0.4402730818210532,0.26274442224881994,0.5171515587624517,0.6828919210269554,1.2986787078591926
service,daily,peso_facturable_out,model_p50,1,2024-11-15,2024-12-12,0.2475553711128891,1.0121821148349373,0.10905938055706073,0.060427196860754456,0.05998507349557158,0.15174567804933292
service,daily,peso_facturable_out,model_p80,1,2024-11-15,2024-12-12,0.2900321431618523,1.0380311782170786,0.12777232718753764,0.14020073922672988,0.12959966831817846,0.35207418748883207
service,daily,m3_in,naive_t7,1,2024-11-15,2024-12-12,0.6028922591193551,0.27815495968099063,0.17327220467079882,0.48539384454877416,0.6850294731768509,0.5737774438035158
service,daily,m3_in,ma7,1,2024-11-15,2024-12-12,0.43909825304649674,0.2530449380006343,0.1261975439585143,0.47604888590804084,0.6276934249812315,0.5627308956415505
service,daily,m3_in,ma28,1,2024-11-15,2024-12-12,0.4226979115489009,0.4965143031943194,0.12148405944173957,0.4352764736567554,0.5568069285044678,0.5145343831765167
service,daily,m3_in,model_p50,1,2024-11-15,2024-12-12,0.25917840291423644,1.2695300130070066,0.07448828973456066,0.20062232292173013,0.2275233445299522,0.23715291182351794
service,daily,m3_in,model_p80,1,2024-11-15,2024-12-12,0.3856711764826306,1.2985098626930451,0.11084251624782686,0.12181863407109843,0.11008104825932406,0.14400014596379426
service,daily,cajas_in,naive_t7,1,2024-11-15,2024-12-12,0.5957602339181286,0.4580146309431228,0.25476401191916404,0.4861111111111111,0.7548616120044692,0.8565072302558397
service,daily,cajas_in,ma7,1,2024-11-15,2024-12-12,0.4549916457811195,0.3663963167404881,0.19456736195123533,0.38988095238095244,0.48814408140580695,0.6869537581439695
service,daily,cajas_in,ma28,1,2024-11-15,2024-12-12,0.5399436090225563,0.38848363948809705,0.2308952363940469,0.41108630952380953,0.5172414115978348,0.7243167010964563
service,daily,cajas_in,model_p50,1,2024-11-15,2024-12-12,0.1934948528388977,1.0051958609143146,0.08274389962341826,0.19150972395807,0.21656839220833263,0.3374320386535961
service,daily,cajas_in,model_p80,1,2024-11-15,2024-12-12,0.289578789049438,1.0220921578214872,0.12383212216051737,0.1410051674100945,0.15296676775643586,0.24844514480265814
service,daily,pales_in,naive_t7,1,2024-11-15,2024-12-12,0.892106757524134,0.5946413665559838,0.279998813205024,0.6504424778761062,1.0403287984196778,1.0255335271684967
service,daily,pales_in,ma7,1,2024-11-15,2024-12-12,0.6217246694248398,0.5212356450499352,0.19513602840804803,0.4753476611883692,0.6421886695555105,0.7494666787470452
service,daily,pales_in,ma28,1,2024-11-15,2024-12-12,0.6396933560477002,1.0643400503331095,0.200775724427409,0.4443742098609355,0.5701207872407608,0.7006317488818787
service,daily,pales_in,model_p50,1,2024-11-15,2024-12-12,0.3535251078940049,1.0349550773985705,0.11095825674857257,0.16233569768588232,0.18944524451256825,0.2559499207013234
service,daily,pales_in,model_p80,1,2024-11-15,2024-12-12,0.5457793720120907,1.1426825696242366,0.17129965124273208,0.11374462231938161,0.11226978543059625,0.17933780109893557
service,daily,peso_facturable_in,naive_t7,1,2024-11-15,2024-12-12,0.7927033824764536,0.5416149547038608,0.2299422905214944,0.6347694020614099,1.02029234078987,0.9352805158752827
service,daily,peso_facturable_in,ma7,1,2024-11-15,2024-12-12,0.610333313187235,0.43244722117113804,0.17704155566664828,0.5928174172073448,0.8596252242239124,0.8734677159689221
service,daily,peso_facturable_in,ma28,1,2024-11-15,2024-12-12,0.5508083432970255,0.45196100365041286,0.1597749358661653,0.557945438808215,0.7593957974431886,0.8220867233741114
service,daily,peso_facturable_in,model_p50,1,2024-11-15,2024-12-12,0.3309827313939631,0.9911806595360646,0.09600933850190692,0.3693288156740131,0.4699701154731988,0.5441756394202827
service,daily,peso_facturable_in,model_p80,1,2024-11-15,2024-12-12,0.4081690729653552,1.0012083534333298,0.1183990552235049,0.1984416568598353,0.2634449268121716,0.2923874632209464
service,daily,mix_entrega_vs_recogida,naive_t7,1,2024-11-15,2024-12-12,0.298851282840994,0.35929682471417285,1.3429532381319227,0.1911356276656612,0.21725541863660566,1.0972030257990935
service,daily,mix_entrega_vs_recogida,ma7,1,2024-11-15,2024-12-12,0.21105313589390254,0.2500982119980877,0.948413169159513,0.2328269721721643,0.2681681951095356,1.3365297797948679
service,daily,mix_entrega_vs_recogida,ma28,1,2024-11-15,2024-12-12,0.21029698217800766,0.24770183154089243,0.9450152279774208,0.2280593942978095,0.2594788245842788,1.3091617745027038
service,daily,mix_entrega_vs_recogida,model_p50,1,2024-11-15,2024-12-12,0.14597043478310537,0.19764860625015485,0.6559498965503721,0.14366801251574077,0.15844297363337306,0.8247179239578922
service,daily,mix_entrega_vs_recogida,model_p80,1,2024-11-15,2024-12-12,0.17202681252349689,0.21832987532067455,0.7730398970609784,0.10293647799027958,0.1099480720147741,0.5909009036954515
service,daily,conteo_servicios,naive_t7,2,2024-12-13,2026-01-22,0.576068376068376,0.5923331208631265,0.2800127826318387,0.36619718309859156,0.5529614253995059,0.48202497188218224
service,daily,conteo_servicios,ma7,2,2024-12-13,2026-01-22,0.4454212454212453,0.45052893040929065,0.2165083999662881,0.3219315895372233,0.4093872527494448,0.42375821703928096
service,daily,conteo_servicios,ma28,2,2024-12-13,2026-01-22,0.5652625152625151,0.534950214601303,0.27476031733660383,0.26341381623071763,0.3052135715447583,0.34673133279620344
service,daily,conteo_servicios,model_p50,2,2024-12-13,2026-01-22,0.12417906702685398,0.14246959488459549,0.06036041474821,0.06425845834413327,0.06278432368990827,0.08458334199742878
service,daily,conteo_servicios,model_p80,2,2024-12-13,2026-01-22,0.1936116411724546,0.2560890796315139,0.09410989501736025,0.07119192785035137,0.06841241178231536,0.0937098607092916
service,daily,m3_out,naive_t7,2,2024-12-13,2026-01-22,0.6570354335194257,0.38081163478978564,0.15198009445065164,0.611413635373557,0.9415494712213848,0.5502007925716443
service,daily,m3_out,ma7,2,2024-12-13,2026-01-22,0.4838734354400299,0.35469032539196066,0.11192566894972918,0.3666801506052214,0.45462648233217123,0.3299692676301214
service,daily,m3_out,ma28,2,2024-12-13,2026-01-22,0.6386598902976937,0.7199589547011652,0.1477296131950797,0.3241092821358558,0.4048685943780938,0.29166046289108805
service,daily,m3_out,model_p50,2,2024-12-13,2026-01-22,0.2159549029772622,1.2061227481979,0.04995293233389253,0.12191489398372574,0.11744501213231415,0.10970915173514452
service,daily,m3_out,model_p80,2,2024-12-13,2026-01-22,0.4245196867023408,1.2662335992042328,0.0981964423677848,0.2541567636614382,0.22293755987670094,0.2287113742867881
service,daily,cajas_out,naive_t7,2,2024-12-13,2026-01-22,0.6734449760765551,0.47290276535188497,0.21723746270240316,0.3426294820717131,0.44880348691200617,0.4936075029521301
service,daily,cajas_out,ma7,2,2024-12-13,2026-01-22,0.45121326042378673,0.396386812444712,0.14555075368325185,0.40580535002845763,0.5390874504543206,0.5846215109715428
service,daily,cajas_out,ma28,2,2024-12-13,2026-01-22,0.6221590909090909,0.8376610017236812,0.20069384598239332,0.2514228799089357,0.2755262295254573,0.3622111535367167
service,daily,cajas_out,model_p50,2,2024-12-13,2026-01-22,0.2567543368120617,1.036514468923329,0.08282289221584453,0.13715137118519932,0.13866015410091515,0.19758645825760382
service,daily,cajas_out,model_p80,2,2024-12-13,2026-01-22,0.4024024946980101,1.1163629493566574,0.1298055521070153,0.19873516640021557,0.19338551750367933,0.2863068543968861
service,daily,pales_out,naive_t7,2,2024-12-13,2026-01-22,0.8739082969432315,0.5751870577130973,0.29068835238042084,0.5210084033613446,0.6857205709882455,1.0046995614597494
service,daily,pales_out,ma7,2,2024-12-13,2026-01-22,0.5791484716157207,0.5935210655011204,0.19264231222712463,0.3085234093637455,0.367136797844534,0.5949488186524322
service,daily,pales_out,ma28,2,2024-12-13,2026-01-22,0.8927596693699312,1.1257535132354326,0.2969588894722354,0.6056422569027611,0.8414185177925981,1.167905365798257
service,daily,pales_out,model_p50,2,2024-12-13,2026-01-22,0.28625512598751973,1.05294627760295,0.09521711971933279,0.2743214038164963,0.30505272225064034,0.5289945274113118
service,daily,pales_out,model_p80,2,2024-12-13,2026-01-22,0.32021889516912105,1.0887520230651366,0.10651449741738427,0.1788094410529035,0.190900323347247,0.3448116495850821
service,daily,peso_facturable_out,naive_t7,2,2024-12-13,2026-01-22,1.00527804365757,0.47495010685379346,0.27378973320286715,0.6099549134449468,0.8812491605756619,1.244186356517398
service,daily,peso_facturable_out,ma7,2,2024-12-13,2026-01-22,0.6442982598329013,0.37352501970742685,0.17547607826080197,0.4048428950463102,0.5516810009822319,0.8257987524107173
service,daily,peso_facturable_out,ma28,2,2024-12-13,2026-01-22,0.9468687165567691,0.526406357953377,0.2578818217704211,0.6443100717456117,0.8925736233454721,1.3142640266721788
service,daily,peso_facturable_out,model_p50,2,2024-12-13,2026-01-22,0.22087643431468815,1.0560922243615751,0.0601561930088452,0.14136064465546452,0.2454075006956682,0.28834751807390346
service,daily,peso_facturable_out,model_p80,2,2024-12-13,2026-01-22,0.3646423208340763,1.1001165291340802,0.09931115512321204,0.25902053844183875,0.3327128780400238,0.5283502319326975
service,daily,m3_in,naive_t7,2,2024-12-13,2026-01-22,1.0259749656320092,0.3208694602059949,0.33507894739183525,0.828125,0.9266651225785423,2.632984833653413
service,daily,m3_in,ma7,2,2024-12-13,2026-01-22,0.850796407123735,0.308270200781652,0.2778663944964411,0.7725320080862532,0.869438478453314,2.456229507384659
service,daily,m3_in,ma28,2,2024-12-13,2026-01-22,0.6646691887086941,0.6551010125103397,0.2170780570450849,0.7710474225067384,0.7673536424592614,2.4515093367399823
service,daily,m3_in,model_p50,2,2024-12-13,2026-01-22,0.6770996086910539,1.3488193226882899,0.22113777797673725,0.8501956315035529,0.873815358126043,2.7031573776751587
service,daily,m3_in,model_p80,2,2024-12-13,2026-01-22,1.41454288630701,1.4709233030971791,0.46198353494169664,1.2189414553940061,0.9938210575030121,3.87556753529218
service,daily,cajas_in,naive_t7,2,2024-12-13,2026-01-22,0.5903954802259888,0.322553662444913,0.15186855629195556,0.4666666666666667,0.7507936507936508,0.6052942937377942
service,daily,cajas_in,ma7,2,2024-12-13,2026-01-22,0.46327683615819215,0.2751854362888373,0.11916958484153453,0.32857142857142857,0.4003049171915664,0.42617659457048773
service,daily,cajas_in,ma28,2,2024-12-13,2026-01-22,0.6340294592413237,0.5141405974994612,0.1630926080001358,0.4757936507936508,0.6373711676538992,0.6171325324758634
service,daily,cajas_in,model_p50,2,2024-12-13,2026-01-22,0.26935739703556566,1.2558763333702196,0.06928731737358877,0.18042620285783204,0.19737964030371336,0.23402346649419306
service,daily,cajas_in,model_p80,2,2024-12-13,2026-01-22,0.5956008376464719,1.2987686199458448,0.1532075403169176,0.19782580060631427,0.17812881156704577,0.25659177484524154
service,daily,pales_in,naive_t7,2,2024-12-13,2026-01-22,0.8098078197481776,0.42445007799108353,0.25389535129456403,0.44402985074626866,0.6265263472160024,0.9807452454125262
service,daily,pales_in,ma7,2,2024-12-13,2026-01-22,0.7218593202688628,0.36430822746227526,0.22632125948340545,0.5554371002132197,0.7580897754646547,1.2268145806961013
service,daily,pales_in,ma28,2,2024-12-13,2026-01-22,0.6951860266969611,0.4075383792935126,0.2179585034362646,0.6882995735607675,1.0316109722847473,1.5202728669134746
service,daily,pales_in,model_p50,2,2024-12-13,2026-01-22,0.4370802005173153,1.1472891387732909,0.13703576126092598,0.5032974881999799,0.6919928291724157,1.11165188049994
service,daily,pales_in,model_p80,2,2024-12-13,2026-01-22,0.4666406976797395,1.174787248037329,0.14630372907806752,0.3647826014622941,0.4415476627108121,0.8057088986068888
service,daily,peso_facturable_in,naive_t7,2,2024-12-13,2026-01-22,0.9427157624066107,0.5090662322674202,0.2369315577154147,0.6250239306097614,1.0600839467327055,1.0640640875273746
service,daily,peso_facturable_in,ma7,2,2024-12-13,2026-01-22,0.7777362259182036,0.407475666978695,0.19546745991399736,0.6141807580838075,0.9068902897735791,1.045604265567478
service,daily,peso_facturable_in,ma28,2,2024-12-13,2026-01-22,0.8801377807393966,0.5395300599220914,0.22120391289779823,0.6951962296461196,1.0783693266630263,1.1835280307254792
service,daily,peso_facturable_in,model_p50,2,2024-12-13,2026-01-22,0.6434242230974272,1.1706116694064503,0.16171099447953277,0.4066675836068902,0.558796801380638,0.6923260855875938
service,daily,peso_facturable_in,model_p80,2,2024-12-13,2026-01-22,0.7703353254370336,1.2033739658850766,0.19360740097637663,0.18265365477950185,0.18152033379515142,0.31095640500817545
service,daily,mix_entrega_vs_recogida,naive_t7,2,2024-12-13,2026-01-22,0.25632762774164525,0.3083373434635753,1.1155346814388325,0.2860419917330487,0.36094905722775333,1.6068518705391386
service,daily,mix_entrega_vs_recogida,ma7,2,2024-12-13,2026-01-22,0.1997496610699266,0.2218278685635362,0.869308066759566,0.23700492433156228,0.2695432841502689,1.3313842617365519
service,daily,mix_entrega_vs_recogida,ma28,2,2024-12-13,2026-01-22,0.18464534340201746,0.20639560351438274,0.8035742621499254,0.2217966280598586,0.24931091724019114,1.2459510735398098
service,daily,mix_entrega_vs_recogida,model_p50,2,2024-12-13,2026-01-22,0.18010224850803105,0.21403600790655758,0.7838027690808383,0.12207281591939828,0.13130944688100052,0.6857487301554194
service,daily,mix_entrega_vs_recogida,model_p80,2,2024-12-13,2026-01-22,0.21397526581037637,0.22945398060877195,0.931217723522773,0.05525630669998951,0.05502700277964658,0.31040442433649873
service,daily,conteo_servicios,naive_t7,3,2026-01-23,2026-02-19,0.899625468164794,0.7922252848975557,0.7110417593576049,0.8676470588235294,1.5775141547906109,3.935496743022303
service,daily,conteo_servicios,ma7,3,2026-01-23,2026-02-19,0.6224719101123596,0.5646835343309359,0.49198642966375494,0.7328431372549018,1.1745817152357043,3.3240495089369158
service,daily,conteo_servicios,ma28,3,2026-01-23,2026-02-19,0.6033707865168539,0.5856682573882309,0.4768893731578274,0.6954656862745098,1.0809764244576001,3.154511866758696
service,daily,conteo_servicios,model_p50,3,2026-01-23,2026-02-19,0.10989379625765958,0.15420028092756563,0.0868573434152921,0.06796847678794048,0.06897623770380529,0.30829323548889187
service,daily,conteo_servicios,model_p80,3,2026-01-23,2026-02-19,0.14926527370634682,0.21723602081404653,0.11797558715591365,0.06663809318705335,0.06521515638599834,0.3022588459580141
service,daily,m3_out,naive_t7,3,2026-01-23,2026-02-19,0.9513263317342024,0.4368621925606859,0.4348792071385709,0.8184399541656185,1.4509817882128615,2.5867565304282985
service,daily,m3_out,ma7,3,2026-01-23,2026-02-19,0.664529200231799,0.3667605836175986,0.3037758149618592,0.6963775667053942,1.0837018864041517,2.2009668628108368
service,daily,m3_out,ma28,3,2026-01-23,2026-02-19,0.6491621543191964,0.6259285329802742,0.29675108693782526,0.6529099641868988,0.9793558633314964,2.0635834126206394
service,daily,m3_out,model_p50,3,2026-01-23,2026-02-19,0.14570356171498028,1.3310993390933383,0.06660537744221717,0.1537549156608438,0.13675848481096747,0.4859568868147613
service,daily,m3_out,model_p80,3,2026-01-23,2026-02-19,0.22113524533030954,1.3388594561004823,0.10108741548689432,0.3177491918604153,0.27226777953997516,1.0042762366375344
service,daily,cajas_out,naive_t7,3,2026-01-23,2026-02-19,0.980865688277912,0.5359563233177955,0.7256717537922898,0.9090136054421769,1.702443571768415,5.517701376762157
service,daily,cajas_out,ma7,3,2026-01-23,2026-02-19,0.6975664127809772,0.38020220533664834,0.5160790597519032,0.7481778425655977,1.2166091673605681,4.541430279230005
service,daily,cajas_out,ma28,3,2026-01-23,2026-02-19,0.6630198243146413,0.4092823020674121,0.49052053146458935,0.7427113702623905,1.2045657362168543,4.508248859751948
service,daily,cajas_out,model_p50,3,2026-01-23,2026-02-19,0.39811399114922386,0.9551577801367706,0.29453581832770803,0.5424280772892851,0.742602079498658,3.292531740927746
service,daily,cajas_out,model_p80,3,2026-01-23,2026-02-19,0.35994591527479053,0.9534913581536067,0.2662980127956325,0.47420773838280234,0.6207507299966288,2.878435124932239
service,daily,pales_out,naive_t7,3,2026-01-23,2026-02-19,0.8942628418945964,0.4824076148052882,0.3466248148423551,0.6782608695652174,1.1149281991162487,1.5493568577708199
service,daily,pales_out,ma7,3,2026-01-23,2026-02-19,0.6557228628609548,0.3697676131777815,0.2541644416819762,0.5480745341614908,0.7901534690805764,1.2519711458763476
service,daily,pales_out,ma28,3,2026-01-23,2026-02-19,0.6920446964643095,0.6363332152513497,0.26824313114292286,0.6050931677018633,0.8493574532431496,1.382219277326312
service,daily,pales_out,model_p50,3,2026-01-23,2026-02-19,0.16644451735453542,0.8265245745887724,0.06451548393457811,0.1542150418397007,0.14599655180176027,0.3522746827469453
service,daily,pales_out,model_p80,3,2026-01-23,2026-02-19,0.32387876667105103,0.967216138849658,0.12553850195863958,0.13642921371739733,0.1286878023654642,0.3116463699414486
service,daily,peso_facturable_out,naive_t7,3,2026-01-23,2026-02-19,1.0784988900428834,0.5432108125567714,0.2784909266038794,0.7348779157728621,1.1506855888658554,1.5564137498240458
service,daily,peso_facturable_out,ma7,3,2026-01-23,2026-02-19,0.8509386825413903,0.4574811415670989,0.2197301308067303,0.630845032504432,0.9328327051582661,1.3360802679251684
service,daily,peso_facturable_out,ma28,3,2026-01-23,2026-02-19,0.8193416941633435,0.4488220358760869,0.21157112883414192,0.7245236236676525,1.129839834038491,1.5344841717861832
service,daily,peso_facturable_out,model_p50,3,2026-01-23,2026-02-19,0.3033862825886368,0.9125488067189627,0.07834067122095635,0.30423810876909374,0.34218933189943,0.6443524367046538
service,daily,peso_facturable_out,model_p80,3,2026-01-23,2026-02-19,0.3620682530209791,1.019569023884193,0.0934935809471728,0.22690112268900975,0.23185610968208556,0.4805587698635383
service,daily,m3_in,naive_t7,3,2026-01-23,2026-02-19,1.2858417530507806,0.46403505483011653,0.8225521569273494,1.011620347797822,1.2930947748335957,7.063909441265664
service,daily,m3_in,ma7,3,2026-01-23,2026-02-19,1.0330665267025325,0.49138640653637533,0.6608520043562893,0.6946785540154629,0.9194150515789385,4.850778661220966
service,daily,m3_in,ma28,3,2026-01-23,2026-02-19,1.1105291768984198,0.9820585995382314,0.7104048127394059,0.7447325346520861,0.8777450596760401,5.200293958300216
service,daily,m3_in,model_p50,3,2026-01-23,2026-02-19,0.6961201465801379,1.44904622176894,0.4453076179020779,0.8381529530046693,1.2098664157030743,5.852626996721552
service,daily,m3_in,model_p80,3,2026-01-23,2026-02-19,0.5271320382883007,1.4106852300365744,0.33720603180819897,0.5547300996291802,0.5441526060057986,3.8735511762441877
service,daily,cajas_in,naive_t7,3,2026-01-23,2026-02-19,0.7625730994152047,0.3617716898842919,0.16879346380836785,0.4875,0.7629850226576487,0.5687718404708346
service,daily,cajas_in,ma7,3,2026-01-23,2026-02-19,0.5283208020050125,0.3173840120551163,0.11694236033349237,0.30357142857142855,0.3849697773341658,0.3541802669598604
service,daily,cajas_in,ma28,3,2026-01-23,2026-02-19,0.5170843776106934,0.6853042181887496,0.11445520861545715,0.2574404761904762,0.28881297335739436,0.30035875580419535
service,daily,cajas_in,model_p50,3,2026-01-23,2026-02-19,0.3710704597148243,1.3558134074805943,0.08213542840714029,0.060887891436982235,0.06487929923636049,0.07103860117948874
service,daily,cajas_in,model_p80,3,2026-01-23,2026-02-19,0.623035982295425,1.4419544547123895,0.13790730568589593,0.05424218504094056,0.05109222607661813,0.06328497931670839
service,daily,pales_in,naive_t7,3,2026-01-23,2026-02-19,0.8778040141676505,0.5842154622412065,0.21993485480671188,0.5408805031446541,0.914454601066956,0.8598609763983188
service,daily,pales_in,ma7,3,2026-01-23,2026-02-19,0.676252319109462,0.5472497689594107,0.16943583444087065,0.40543575920934416,0.5585358911343808,0.6445386471756502
service,daily,pales_in,ma28,3,2026-01-23,2026-02-19,0.7939155000843312,1.0656603100750275,0.19891648639293757,0.6105682839173405,0.8799815709477592,0.970646635836682
service,daily,pales_in,model_p50,3,2026-01-23,2026-02-19,0.47375370392607585,1.352760523919496,0.11869956209521665,0.5865289550526028,0.787150307229411,0.9324302818187125
service,daily,pales_in,model_p80,3,2026-01-23,2026-02-19,0.692373108860774,1.370053284764282,0.17347491776254612,0.5208043147346682,0.5844911300089514,0.8279449970494563
service,daily,peso_facturable_in,naive_t7,3,2026-01-23,2026-02-19,1.2575397896939116,0.6031637941950335,0.2828030644538625,0.7590713977455024,1.1519913939160473,1.3813570896783822
service,daily,peso_facturable_in,ma7,3,2026-01-23,2026-02-19,0.9741663089243254,0.5116707971204287,0.21907634232278572,0.7050016974202289,1.0751717548911923,1.2829611231027274
service,daily,peso_facturable_in,ma28,3,2026-01-23,2026-02-19,0.8748305445555018,0.46828692768997876,0.1967371218833212,0.6605507971949205,0.9049996565984407,1.2020694357710926
service,daily,peso_facturable_in,model_p50,3,2026-01-23,2026-02-19,0.6505371630019249,1.1551776924769561,0.14629668559660122,0.24534921445758157,0.36502094851971123,0.44648616433790567
service,daily,peso_facturable_in,model_p80,3,2026-01-23,2026-02-19,0.9797079907441528,1.1332392334689143,0.22032258885408387,0.11463833105893091,0.13467349656696026,0.20861867780485738
service,daily,mix_entrega_vs_recogida,naive_t7,3,2026-01-23,2026-02-19,0.26269985828740955,0.3053115674337732,1.2277659910663512,0.19677753141167775,0.23884407406777455,1.203010237146222
service,daily,mix_entrega_vs_recogida,ma7,3,2026-01-23,2026-02-19,0.17923420807522622,0.20193152837051517,0.8376771367334211,0.17626091746608244,0.19724302059705437,1.0775807918682874
service,daily,mix_entrega_vs_recogida,ma28,3,2026-01-23,2026-02-19,0.197176486486832,0.22026948839946972,0.9215329841618296,0.2591716533108212,0.2989802007852734,1.5844601254740942
service,daily,mix_entrega_vs_recogida,model_p50,3,2026-01-23,2026-02-19,0.18296318903338726,0.21271018849659204,0.8551050715317535,0.27704692157571953,0.3438938657234078,1.6937415589799292
service,daily,mix_entrega_vs_recogida,model_p80,3,2026-01-23,2026-02-19,0.1602331566685245,0.18017496358035623,0.7488729597394288,0.16033424795950602,0.18156730057158108,0.9802122238076812
workload,daily,conteo_movimientos,naive_t7,1,2024-11-12,2024-12-15,0.4568736409760812,0.635601038663106,0.901426564896573,0.3333333333333333,0.4029662733579784,1.0611187379480547
workload,daily,conteo_movimientos,ma7,1,2024-11-12,2024-12-15,0.4123666862251062,0.5451958086256444,0.8136128944701825,0.3417190775681342,0.40917799324360843,1.0878135489656158
workload,daily,conteo_movimientos,ma28,1,2024-11-12,2024-12-15,0.360369999654851,0.49447983658777817,0.7110217393733562,0.3362159329140461,0.40076472374562827,1.0702950792353414
workload,daily,conteo_movimientos,model_p50,1,2024-11-12,2024-12-15,0.0037594881383745914,0.006651783188832465,0.007417592468465127,0.002050467958654934,0.002086570489342007,0.006527369917472541
workload,daily,conteo_movimientos,model_p80,1,2024-11-12,2024-12-15,0.023416926542517372,0.29881541230701153,0.046202358290050545,0.003582004683596718,0.0037141970218361837,0.011402796867546512
workload,daily,unidades_movidas,naive_t7,1,2024-11-12,2024-12-15,0.6743104065644617,0.842396798036367,0.9212568715391793,0.843485089947807,1.5222923519846443,2.524871840525826
workload,daily,unidades_movidas,ma7,1,2024-11-12,2024-12-15,0.5578231273575508,0.6535947960969152,0.7621095332042628,0.6527835873744846,0.9727814822358315,1.9540296768271896
workload,daily,unidades_movidas,ma28,1,2024-11-12,2024-12-15,0.49795497279753015,0.598127072257446,0.6803164179892801,0.5559658884332069,0.7700549726955825,1.6642174624388295
workload,daily,unidades_movidas,model_p50,1,2024-11-12,2024-12-15,0.2769543476476858,0.4824991505034248,0.37838077744198395,0.5358898126095781,0.7320543587348658,1.60412212807023
workload,daily,unidades_movidas,model_p80,1,2024-11-12,2024-12-15,0.335549555539342,0.3936706257187826,0.4584347665009451,0.3527545335409371,0.4292309326855813,1.0559285504506633
workload,daily,skus_distintos,naive_t7,1,2024-11-12,2024-12-15,0.505831299159208,0.6882009683861341,1.2943736197716373,0.48,0.6503929082955909,2.215356887030062
workload,daily,skus_distintos,ma7,1,2024-11-12,2024-12-15,0.46014956023092723,0.5903079233331533,1.1774784456842562,0.47518796992481205,0.623794092125199,2.1931477954307637
workload,daily,skus_distintos,ma28,1,2024-11-12,2024-12-15,0.41520399860513774,0.5535931889472866,1.0624670784736014,0.45609022556390977,0.5906743342345429,2.105005463146046
workload,daily,skus_distintos,model_p50,1,2024-11-12,2024-12-15,0.27111181905795484,0.26142449370700926,0.6937490566127813,0.4508446511586412,0.5831680790995761,2.0807954227603367
workload,daily,skus_distintos,model_p80,1,2024-11-12,2024-12-15,0.22011747071564722,0.27571507377432447,0.5632594262529299,0.40210833675397417,0.5039371507820889,1.855861402416917
workload,daily,workload_atribuible_movs,naive_t7,1,2024-11-12,2024-12-15,,0.0,,,0.0,
workload,daily,workload_atribuible_movs,ma7,1,2024-11-12,2024-12-15,,0.0,,,0.0,
workload,daily,workload_atribuible_movs,ma28,1,2024-11-12,2024-12-15,,0.0,,,0.0,
workload,daily,workload_atribuible_movs,model_p50,1,2024-11-12,2024-12-15,,0.0,,,0.0,
workload,daily,workload_atribuible_movs,model_p80,1,2024-11-12,2024-12-15,,0.0,,,0.0,
workload,daily,workload_no_atribuible_movs,naive_t7,1,2024-11-12,2024-12-15,0.4568736409760812,0.635601038663106,0.901426564896573,0.3333333333333333,0.4029662733579784,1.0611187379480547
workload,daily,workload_no_atribuible_movs,ma7,1,2024-11-12,2024-12-15,0.4123666862251062,0.5451958086256444,0.8136128944701825,0.3417190775681342,0.40917799324360843,1.0878135489656158
workload,daily,workload_no_atribuible_movs,ma28,1,2024-11-12,2024-12-15,0.360369999654851,0.49447983658777817,0.7110217393733562,0.3362159329140461,0.40076472374562827,1.0702950792353414
workload,daily,workload_no_atribuible_movs,model_p50,1,2024-11-12,2024-12-15,0.004105462047128848,0.004474842297948222,0.008100210251898419,0.0024817694351667537,0.0025461240793982313,0.007900356152766606
workload,daily,workload_no_atribuible_movs,model_p80,1,2024-11-12,2024-12-15,0.015036401881348197,0.21599261499839656,0.0296673103472338,0.001961907822167282,0.0019797249706902643,0.006245451456685688
workload,daily,conteo_movimientos,naive_t7,2,2024-12-16,2026-01-22,0.9057971014492754,1.1900272632020654,1.0162003229168615,0.5690537084398977,1.0048826682069123,1.4896301204169524
workload,daily,conteo_movimientos,ma7,2,2024-12-16,2026-01-22,0.5440872000974303,0.762039998817761,0.6104033536310693,0.3445378151260504,0.4122191475602389,0.9019076748335063
workload,daily,conteo_movimientos,ma28,2,2024-12-16,2026-01-22,0.6682270734380709,0.7359960993799616,0.7496740348617509,0.24849287541103396,0.2779741518658614,0.6504877596459581
workload,daily,conteo_movimientos,model_p50,2,2024-12-16,2026-01-22,0.027651575488022113,0.10493422658946482,0.031021892093857206,0.003013692903599611,0.0032083099234188044,0.007889040447863021
workload,daily,conteo_movimientos,model_p80,2,2024-12-16,2026-01-22,0.0809426302943892,0.3535995239143511,0.09080833545535988,0.0074210722955687725,0.00781818995286007,0.019426378658665026
workload,daily,unidades_movidas,naive_t7,2,2024-12-16,2026-01-22,1.1065291073241856,1.336118395319528,1.2549789565503802,0.8193048330992331,1.219079700436871,4.437671771262787
workload,daily,unidades_movidas,ma7,2,2024-12-16,2026-01-22,0.7008258582607655,0.7953261919070157,0.794847328011537,0.7701664849204922,1.0961751404669753,4.171519477525653
workload,daily,unidades_movidas,ma28,2,2024-12-16,2026-01-22,0.8452013064892181,0.8941643108775009,0.9585919129211802,0.7900301208228433,1.1672611078199444,4.279108610113901
workload,daily,unidades_movidas,model_p50,2,2024-12-16,2026-01-22,0.5666755475846422,0.7485420239800753,0.6426996657414052,0.8062263610311754,1.2411573060749048,4.366833709575631
workload,daily,unidades_movidas,model_p80,2,2024-12-16,2026-01-22,0.5288860229945195,0.6873945572759477,0.599840370107212,0.6964362586249682,0.9842690070374891,3.7721680631286683
workload,daily,skus_distintos,naive_t7,2,2024-12-16,2026-01-22,0.9801606046291923,1.1305454588686203,1.4265895871440597,0.9910514541387024,1.9661402249341946,4.2639559611891364
workload,daily,skus_distintos,ma7,2,2024-12-16,2026-01-22,0.6247385113705378,0.7656106082853243,0.9092851220502379,0.4145094279322467,0.5153500256895991,1.783408862193586
workload,daily,skus_distintos,ma28,2,2024-12-16,2026-01-22,0.8673156083406437,0.8636412037011819,1.2623476293401592,0.39333652924256957,0.48152359508396664,1.6923133825325798
workload,daily,skus_distintos,model_p50,2,2024-12-16,2026-01-22,0.3107970726825545,0.30098948879634035,0.45235430347817773,0.34800488074535785,0.4198408655831991,1.4972759280865828
workload,daily,skus_distintos,model_p80,2,2024-12-16,2026-01-22,0.31492813451511387,0.3804616070312684,0.4583669199477071,0.2677047330981816,0.3079858983049343,1.1517880204560826
workload,daily,workload_atribuible_movs,naive_t7,2,2024-12-16,2026-01-22,,0.0,,,0.0,
workload,daily,workload_atribuible_movs,ma7,2,2024-12-16,2026-01-22,,0.0,,,0.0,
workload,daily,workload_atribuible_movs,ma28,2,2024-12-16,2026-01-22,,0.0,,,0.0,
workload,daily,workload_atribuible_movs,model_p50,2,2024-12-16,2026-01-22,,0.0,,,0.0,
workload,daily,workload_atribuible_movs,model_p80,2,2024-12-16,2026-01-22,,0.0,,,0.0,
workload,daily,workload_no_atribuible_movs,naive_t7,2,2024-12-16,2026-01-22,0.9057971014492754,1.1900272632020654,1.0162003229168615,0.5690537084398977,1.0048826682069123,1.4896301204169524
workload,daily,workload_no_atribuible_movs,ma7,2,2024-12-16,2026-01-22,0.5440872000974303,0.762039998817761,0.6104033536310693,0.3445378151260504,0.4122191475602389,0.9019076748335063
workload,daily,workload_no_atribuible_movs,ma28,2,2024-12-16,2026-01-22,0.6682270734380709,0.7359960993799616,0.7496740348617509,0.24849287541103396,0.2779741518658614,0.6504877596459581
workload,daily,workload_no_atribuible_movs,model_p50,2,2024-12-16,2026-01-22,0.0123879571263617,0.032999423307282415,0.013897865219426254,0.003434632353897472,0.003621748171813404,0.008990947130370257
workload,daily,workload_no_atribuible_movs,model_p80,2,2024-12-16,2026-01-22,0.04403736581730339,0.09740889051083765,0.04940486704180263,0.005278968983355704,0.0056607841732360985,0.013818926202787523
workload,daily,conteo_movimientos,naive_t7,3,2026-01-23,2026-02-26,0.41381167851756084,0.6866698520080521,0.9179417867453584,0.30798479087452474,0.3844370506621285,1.0840364344381532
workload,daily,conteo_movimientos,ma7,3,2026-01-23,2026-02-26,0.33553421368547415,0.4766107303063264,0.7443020378932406,0.2577403585008148,0.2996916363401949,0.9071874570386309
workload,daily,conteo_movimientos,ma28,3,2026-01-23,2026-02-26,0.48375119278480616,0.6725631090246743,1.073085795538366,0.5201996197718631,0.7046155088768244,1.8309843788465412
workload,daily,conteo_movimientos,model_p50,3,2026-01-23,2026-02-26,0.0044571565544697725,0.04389534219691428,0.00988713094340604,0.002469196740702143,0.0024786357830917823,0.00869101108245169
workload,daily,conteo_movimientos,model_p80,3,2026-01-23,2026-02-26,0.015493130744123658,0.0759815869132222,0.03436778818927603,0.012767847893879625,0.012693486868394584,0.04493992143907133
workload,daily,unidades_movidas,naive_t7,3,2026-01-23,2026-02-26,0.7211158916575405,0.9381520981356769,1.543900634719666,0.8036431355061605,1.33360501476945,3.754327690580999
workload,daily,unidades_movidas,ma7,3,2026-01-23,2026-02-26,0.498549288850335,0.5826897139212299,1.0673881582693054,0.5919190586722929,0.8341956653786777,2.765230006172302
workload,daily,unidades_movidas,ma28,3,2026-01-23,2026-02-26,0.49568246292778184,0.6501377919827303,1.0612503177187569,0.7091180511629485,1.0894629044106032,3.3127409639293597
workload,daily,unidades_movidas,model_p50,3,2026-01-23,2026-02-26,0.400074841268019,0.599573147499954,0.8565555252835831,0.5898892675816904,0.8394230382002401,2.755747562335158
workload,daily,unidades_movidas,model_p80,3,2026-01-23,2026-02-26,0.2907965659970206,0.4635798119665904,0.622592024404188,0.5016150527715798,0.6827314761385541,2.343362618840107
workload,daily,skus_distintos,naive_t7,3,2026-01-23,2026-02-26,0.48881789137380194,0.7145885481007811,0.9342647472611257,0.2978723404255319,0.3498984216283794,1.0638541203380139
workload,daily,skus_distintos,ma7,3,2026-01-23,2026-02-26,0.3943404837973529,0.5210795783202471,0.7536925692190596,0.30167173252279633,0.35579453811821066,1.077423688199468
workload,daily,skus_distintos,ma28,3,2026-01-23,2026-02-26,0.4762285105735585,0.6191842266394145,0.9102029956782256,0.5643047112462006,0.7887949523273411,2.015420066622494
workload,daily,skus_distintos,model_p50,3,2026-01-23,2026-02-26,0.2178075772105101,0.21557951043569729,0.41628987945231616,0.36471168614302213,0.44917623545658913,1.302571529415564
workload,daily,skus_distintos,model_p80,3,2026-01-23,2026-02-26,0.19177884471768789,0.2778812073662373,0.36654184933093475,0.20855051594908752,0.23595089200557967,0.7448403076771147
workload,daily,workload_atribuible_movs,naive_t7,3,2026-01-23,2026-02-26,,0.0,,,0.0,
workload,daily,workload_atribuible_movs,ma7,3,2026-01-23,2026-02-26,,0.0,,,0.0,
workload,daily,workload_atribuible_movs,ma28,3,2026-01-23,2026-02-26,,0.0,,,0.0,
workload,daily,workload_atribuible_movs,model_p50,3,2026-01-23,2026-02-26,,0.0,,,0.0,
workload,daily,workload_atribuible_movs,model_p80,3,2026-01-23,2026-02-26,,0.0,,,0.0,
workload,daily,workload_no_atribuible_movs,naive_t7,3,2026-01-23,2026-02-26,0.41381167851756084,0.6866698520080521,0.9179417867453584,0.30798479087452474,0.3844370506621285,1.0840364344381532
workload,daily,workload_no_atribuible_movs,ma7,3,2026-01-23,2026-02-26,0.33553421368547415,0.4766107303063264,0.7443020378932406,0.2577403585008148,0.2996916363401949,0.9071874570386309
workload,daily,workload_no_atribuible_movs,ma28,3,2026-01-23,2026-02-26,0.48375119278480616,0.6725631090246743,1.073085795538366,0.5201996197718631,0.7046155088768244,1.8309843788465412
workload,daily,workload_no_atribuible_movs,model_p50,3,2026-01-23,2026-02-26,0.004110850735433151,0.018491119559901424,0.009118934687018122,0.0007211613268631725,0.0007208129154328479,0.0025383238932273704
workload,daily,workload_no_atribuible_movs,model_p80,3,2026-01-23,2026-02-26,0.016916095704670866,0.1004103950723089,0.03752429407388534,0.0023167858788650814,0.00230620158793373,0.008154559503896937
service,weekly,conteo_servicios,naive_t7,1,2024-11-11,2024-12-30,0.6079963235294118,0.5441734027956768,0.4241420777659314,0.4093333333333333,0.5183095394422443,1.099039858600081
service,weekly,conteo_servicios,ma7,1,2024-11-11,2024-12-30,0.3954175420168067,0.4218060022018144,0.27584577630754825,0.255047619047619,0.2982609762619839,0.6847903074292733
service,weekly,conteo_servicios,ma28,1,2024-11-11,2024-12-30,0.5698529411764707,0.6555279123828183,0.39753301317441797,0.1404761904761905,0.14889787450973088,0.37717165924502555
service,weekly,conteo_servicios,model_p50,1,2024-11-11,2024-12-30,0.12742395307024307,0.2516037301277796,0.08889175496757254,0.07016971365763124,0.0707768033578154,0.18840222844370816
service,weekly,conteo_servicios,model_p80,1,2024-11-11,2024-12-30,0.1883699394140332,0.3843739228767542,0.13140806021312348,0.07483606971975099,0.07476408412514983,0.20093116486070256
service,weekly,m3_out,naive_t7,1,2024-11-11,2024-12-30,0.6436277004863703,0.6423412653144186,0.253852933908277,0.32697568389057746,0.3946680151802178,0.6698707113578466
service,weekly,m3_out,ma7,1,2024-11-11,2024-12-30,0.4047026569931218,0.6165116937173055,0.1596186067823764,0.20247503256621793,0.22944279814898114,0.414807891778047
service,weekly,m3_out,ma28,1,2024-11-11,2024-12-30,0.6464078010459923,0.8355591742602236,0.2549494322148086,0.028481690548559854,0.02886447775641983,0.058350058577513846
service,weekly,m3_out,model_p50,1,2024-11-11,2024-12-30,0.15755207935313825,1.3822225421517502,0.062140050151540636,0.05875021922720186,0.06126312299232772,0.1203607885390197
service,weekly,m3_out,model_p80,1,2024-11-11,2024-12-30,0.2048943490585294,1.322285975319718,0.08081229507435683,0.0190311703666196,0.019124339636854882,0.03898890425052557
service,weekly,cajas_out,naive_t7,1,2024-11-11,2024-12-30,0.6084679832435668,0.6671960185990512,0.28601544423509057,0.37190684133915575,0.4597301476553177,0.8025826378392588
service,weekly,cajas_out,ma7,1,2024-11-11,2024-12-30,0.3683850559972642,0.6771147844429088,0.17316246432386176,0.2349760865044708,0.2719909627811586,0.5070832433650335
service,weekly,cajas_out,ma28,1,2024-11-11,2024-12-30,1.1252671625203043,1.284636482420695,0.52894120353835,0.45971095861925554,0.37339335045716454,0.9920657347515467
service,weekly,cajas_out,model_p50,1,2024-11-11,2024-12-30,0.1864451732695094,0.8591283031296831,0.0876401068366829,0.19657764864768407,0.17877302182836488,0.4242186221253755
service,weekly,cajas_out,model_p80,1,2024-11-11,2024-12-30,0.41518055485927424,0.9960177408626505,0.19515907838377167,0.4576603696856227,0.37194944130040114,0.9876405215192409
service,weekly,pales_out,naive_t7,1,2024-11-11,2024-12-30,0.4865821291654379,0.8981260436564623,0.2248281420181819,0.23831417624521073,0.26503923420530856,0.473206464164935
service,weekly,pales_out,ma7,1,2024-11-11,2024-12-30,0.3332771622361714,0.837226530007899,0.15399267805245342,0.17810618500273673,0.18727353230412433,0.35365499182193355
service,weekly,pales_out,ma28,1,2024-11-11,2024-12-30,0.6101129039052955,1.0730461359726038,0.2819062649127978,0.09575807334428023,0.09682550019413816,0.19014118260371007
service,weekly,pales_out,model_p50,1,2024-11-11,2024-12-30,0.13793379477440681,0.683306022188724,0.06373312323211776,0.054712145592748715,0.05712355564425136,0.10863869439383404
service,weekly,pales_out,model_p80,1,2024-11-11,2024-12-30,0.16860274485773308,0.704595465724181,0.07790389246424922,0.09825984684817687,0.09990439484542335,0.19510880732739555
service,weekly,peso_facturable_out,naive_t7,1,2024-11-11,2024-12-30,0.45734171860218314,0.5332299759242275,0.16857298581377242,0.31791340988845646,0.34482288584893134,0.5373868357239211
service,weekly,peso_facturable_out,ma7,1,2024-11-11,2024-12-30,0.38502145134109744,0.43903883043070285,0.14191623684210092,0.18912178136018526,0.20186205780372476,0.31968313537727083
service,weekly,peso_facturable_out,ma28,1,2024-11-11,2024-12-30,0.6033302550497743,0.5628322180957016,0.22238334791843722,0.2493607265875405,0.23054797377233863,0.4215083970874735
service,weekly,peso_facturable_out,model_p50,1,2024-11-11,2024-12-30,0.28017818424823315,0.9047957428116156,0.10327173567930976,0.1480576500222712,0.11631022478258897,0.25027013512296975
service,weekly,peso_facturable_out,model_p80,1,2024-11-11,2024-12-30,0.23660059400095004,0.9824203980817332,0.08720933812457556,0.1480576500222712,0.11631022478258897,0.25027013512296975
service,weekly,m3_in,naive_t7,1,2024-11-11,2024-12-30,0.6569433320687379,0.5624242123474775,0.16613518483045425,0.2796932611594886,0.2340663528130754,0.28293481011980487
service,weekly,m3_in,ma7,1,2024-11-11,2024-12-30,0.42657918877199763,0.6527305680648648,0.10787812115892781,0.288325544385794,0.2275588167340752,0.2916671385477765
service,weekly,m3_in,ma28,1,2024-11-11,2024-12-30,1.0595677190911774,0.9182011712237854,0.2679553475293922,0.6973601631756491,0.4893323120281204,0.7054423282679964
service,weekly,m3_in,model_p50,1,2024-11-11,2024-12-30,0.3635568172131569,1.4634743683074891,0.09194031825222895,0.18936485018791874,0.16982851284615322,0.19155952384827934
service,weekly,m3_in,model_p80,1,2024-11-11,2024-12-30,0.5100440793063477,1.4040115671799878,0.12898565713484209,0.3216543250622568,0.2748768197861378,0.32538218836030114
service,weekly,cajas_in,naive_t7,1,2024-11-11,2024-12-30,0.562618236852062,0.616319742491493,0.21428347476482015,0.12727272727272726,0.1179366743953137,0.23654762866607418
service,weekly,cajas_in,ma7,1,2024-11-11,2024-12-30,0.379276795848873,0.46702074426661744,0.14445452420258845,0.0873222016079159,0.0900484674699331,0.1622960406591335
service,weekly,cajas_in,ma28,1,2024-11-11,2024-12-30,0.8978433598183881,0.7584555718683988,0.3419601113765422,0.30275200989486706,0.26179511035000874,0.562691407256932
service,weekly,cajas_in,model_p50,1,2024-11-11,2024-12-30,0.2530731450851389,1.0730463460357755,0.09638754904556072,0.30633106074044303,0.3806218700880975,0.5693433900386172
service,weekly,cajas_in,model_p80,1,2024-11-11,2024-12-30,0.3000093563848616,1.0567608459315243,0.11426406599935618,0.19571220920973648,0.22656193391264454,0.36374846348941386
service,weekly,pales_in,naive_t7,1,2024-11-11,2024-12-30,0.6831790963527491,0.6848088805724831,0.20904280564584118,0.22198581560283687,0.1954497719509071,0.29109141282861456
service,weekly,pales_in,ma7,1,2024-11-11,2024-12-30,0.4046970993078778,0.6911313402503094,0.12383138993522566,0.1806484295845998,0.1677876274095519,0.23688543545112728
service,weekly,pales_in,ma28,1,2024-11-11,2024-12-30,1.5956917334162848,1.4171316540280594,0.48825831861662117,0.8644883485309018,0.6052381689879326,1.133609073464242
service,weekly,pales_in,model_p50,1,2024-11-11,2024-12-30,0.23242459812144098,0.9248269900213157,0.07111852565718162,0.05046786387587867,0.05178229930417664,0.0661788311031346
service,weekly,pales_in,model_p80,1,2024-11-11,2024-12-30,0.4428556067024379,1.0240327619051062,0.13550733477546087,0.19612943589957335,0.16463503127339224,0.2571857775608092
service,weekly,peso_facturable_in,naive_t7,1,2024-11-11,2024-12-30,0.5458088592110837,0.581718035642106,0.13739356763433047,0.1490884438434184,0.14407571969653482,0.15402582180677876
service,weekly,peso_facturable_in,ma7,1,2024-11-11,2024-12-30,0.35963942159390805,0.46010038667857167,0.09053012306570982,0.07789004852160879,0.07921393293690292,0.08046954160116337
service,weekly,peso_facturable_in,ma28,1,2024-11-11,2024-12-30,1.2815423133249988,0.6802748273823016,0.3225958456529556,0.7774370494221254,0.5569336933209774,0.8031835154577366
service,weekly,peso_facturable_in,model_p50,1,2024-11-11,2024-12-30,0.24420869905864173,0.8800828189550085,0.06147335984890879,0.11894502608511501,0.11878383961536813,0.12288414125396581
service,weekly,peso_facturable_in,model_p80,1,2024-11-11,2024-12-30,0.3729757631038276,1.057956137591709,0.09388720954079216,0.16630637512693244,0.15504253031686852,0.17181396116479092
service,weekly,mix_entrega_vs_recogida,naive_t7,1,2024-11-11,2024-12-30,0.31734720164769215,0.3424692089018161,0.8435239469021837,0.12903690513486188,0.14208855666828935,0.5291053381162737
service,weekly,mix_entrega_vs_recogida,ma7,1,2024-11-11,2024-12-30,0.2204661469051121,0.27551349273532166,0.5860094982093856,0.04784250184881275,0.049474237906537114,0.19617428898025793
service,weekly,mix_entrega_vs_recogida,ma28,1,2024-11-11,2024-12-30,0.26934254838768984,0.32976415186458763,0.7159252966626207,0.13449967766413118,0.14412763401622347,0.5515049927199739
service,weekly,mix_entrega_vs_recogida,model_p50,1,2024-11-11,2024-12-30,0.114979343330002,0.16338535741462257,0.30562056005024135,0.08811553298082504,0.09368719836309773,0.36131057872465305
service,weekly,mix_entrega_vs_recogida,model_p80,1,2024-11-11,2024-12-30,0.15223981359638916,0.2082276338420186,0.4046606611740161,0.0573236336430149,0.06081257947118078,0.23505089903575563
service,weekly,conteo_servicios,naive_t7,2,2024-12-09,2026-01-19,1.2164102564102564,0.8471064358077921,0.5187571988860863,0.8317460317460318,0.9854397767073824,1.123069969527753
service,weekly,conteo_servicios,ma7,2,2024-12-09,2026-01-19,0.814065934065934,0.6914042270331644,0.3471711632150199,0.8340136054421767,0.8242333529669397,1.126131774242932
service,weekly,conteo_servicios,ma28,2,2024-12-09,2026-01-19,1.118974358974359,0.8260726044532481,0.4772041348943677,0.4523809523809524,0.3684313659432507,0.6108300406782626
service,weekly,conteo_servicios,model_p50,2,2024-12-09,2026-01-19,0.14413228840091624,0.2658806690784957,0.06146747103280214,0.09729170755368187,0.10465449604499952,0.13136870014064586
service,weekly,conteo_servicios,model_p80,2,2024-12-09,2026-01-19,0.24633642227331595,0.4796678526200523,0.10505402410798681,0.04574734477245979,0.047827385126419854,0.06177062124568068
service,weekly,m3_out,naive_t7,2,2024-12-09,2026-01-19,1.6388546088230107,0.6511753282499461,0.30760808027757,1.2403413452131904,1.1816453425508955,1.0278899095801897
service,weekly,m3_out,ma7,2,2024-12-09,2026-01-19,1.058390307125712,0.6764334933547885,0.19865667692947128,1.1362413755291865,0.9349454088569067,0.9416206669731075
service,weekly,m3_out,ma28,2,2024-12-09,2026-01-19,1.8371229219660852,1.1136802922373896,0.3448224462484562,0.8410517285492827,0.5543398048583119,0.6969924759399134
service,weekly,m3_out,model_p50,2,2024-12-09,2026-01-19,0.3966257111671047,1.3903861535817705,0.07444545290595393,0.11938235022354736,0.10119120564103037,0.09893398591470871
service,weekly,m3_out,model_p80,2,2024-12-09,2026-01-19,0.734914449850221,1.4225488258662902,0.13794123155868493,0.3506106641506709,0.3087297137234393,0.2905564385663041
service,weekly,cajas_out,naive_t7,2,2024-12-09,2026-01-19,1.2186471663619745,0.7407889777477326,0.3207665804787599,0.6911764705882353,0.5135719433101129,0.8865591777288738
service,weekly,cajas_out,ma7,2,2024-12-09,2026-01-19,0.8066858187516323,0.7788140539932555,0.2123320504442145,0.27205882352941174,0.23730469691224818,0.34896478272306736
service,weekly,cajas_out,ma28,2,2024-12-09,2026-01-19,1.6684643510054848,1.419059783164935,0.439165346045515,0.8622198879551819,0.6004829051304713,1.1059533815386786
service,weekly,cajas_out,model_p50,2,2024-12-09,2026-01-19,0.11918656847403844,0.8581562678074393,0.03137172847375178,0.09921353200179522,0.10439208577308638,0.1272593485079584
service,weekly,cajas_out,model_p80,2,2024-12-09,2026-01-19,0.3469842619908409,1.0681666760643629,0.09133156689726261,0.09921353200179522,0.10439208577308638,0.1272593485079584
service,weekly,pales_out,naive_t7,2,2024-12-09,2026-01-19,1.1397495056031641,0.9234030854136199,0.32223355627314865,0.5948051948051948,0.8640480590679325,0.8365026570135341
service,weekly,pales_out,ma7,2,2024-12-09,2026-01-19,0.7689047932950372,0.9279425180379317,0.21738717565647023,0.3556586270871985,0.5505037098995513,0.5001795363365392
service,weekly,pales_out,ma28,2,2024-12-09,2026-01-19,1.24518551652698,1.1403380932144425,0.35204275609487257,0.2507421150278293,0.25361827026232764,0.35263048688515014
service,weekly,pales_out,model_p50,2,2024-12-09,2026-01-19,0.3026965508288621,0.8984461909282353,0.08557931858332482,0.21700494736035686,0.24371745901700503,0.30518431351540587
service,weekly,pales_out,model_p80,2,2024-12-09,2026-01-19,0.43431881593581534,0.9640733638798566,0.12279197834902954,0.05496917902821361,0.055759125193375794,0.07730575440924467
service,weekly,peso_facturable_out,naive_t7,2,2024-12-09,2026-01-19,1.0690715242741904,0.5999913998523576,0.22974402841248762,0.20610585650718144,0.16803394804454466,0.2562203412704536
service,weekly,peso_facturable_out,ma7,2,2024-12-09,2026-01-19,0.789586188897743,0.4454407703042967,0.16968248400347963,0.23050333934340989,0.26141812708515705,0.2865500537996105
service,weekly,peso_facturable_out,ma28,2,2024-12-09,2026-01-19,1.2956784362305147,0.6922958887165882,0.2784419720363301,0.17469196310905005,0.16060872558148973,0.21716818320224057
service,weekly,peso_facturable_out,model_p50,2,2024-12-09,2026-01-19,0.5097497007111009,1.164433132677411,0.1095454766723278,0.46728218017153267,0.6097432601440337,0.5809014925734532
service,weekly,peso_facturable_out,model_p80,2,2024-12-09,2026-01-19,0.3203899907605371,1.1312324925482056,0.06885197619526805,0.09810828104985658,0.10316915529135694,0.12196323616440251
service,weekly,m3_in,naive_t7,2,2024-12-09,2026-01-19,1.0035189141636298,0.669872946279617,0.2941084027955462,0.9309723889555822,1.7417181358787197,1.866161094056248
service,weekly,m3_in,ma7,2,2024-12-09,2026-01-19,0.6315924283500004,0.662194641382967,0.18510527076073655,0.8099811353112675,1.3896340885359155,1.623630624892265
service,weekly,m3_in,ma28,2,2024-12-09,2026-01-19,0.9582652591010014,1.0716542832690978,0.2808455932726954,0.5867003944434918,0.8302574676420038,1.1760579185449256
service,weekly,m3_in,model_p50,2,2024-12-09,2026-01-19,0.4598545619640607,1.4893959753295671,0.1347728366935818,0.24839875977709527,0.2836247817973509,0.4979225021140298
service,weekly,m3_in,model_p80,2,2024-12-09,2026-01-19,0.7523714472010088,1.5203849656730681,0.22050283409923,0.15954693414458862,0.17337788950399982,0.3198164464475769
service,weekly,cajas_in,naive_t7,2,2024-12-09,2026-01-19,1.1825525040387723,0.7381976089754134,0.2890919143782418,0.2885572139303483,0.24791666666666667,0.37413443563887205
service,weekly,cajas_in,ma7,2,2024-12-09,2026-01-19,0.6958227555965844,0.6106266883963174,0.17010384891693967,0.10518834399431412,0.09969009881349493,0.1363839814644164
service,weekly,cajas_in,ma28,2,2024-12-09,2026-01-19,1.3048119086083545,0.7166308541666201,0.31897997871116013,0.4923596304193319,0.39459884557250974,0.6383783997261788
service,weekly,cajas_in,model_p50,2,2024-12-09,2026-01-19,0.18926368912683306,1.261425313971245,0.046268222362303386,0.16751444038972446,0.18282756937560882,0.2171940869643238
service,weekly,cajas_in,model_p80,2,2024-12-09,2026-01-19,0.3644596204285763,1.3084826764921844,0.08909737962874413,0.16751444038972446,0.18282756937560882,0.2171940869643238
service,weekly,pales_in,naive_t7,2,2024-12-09,2026-01-19,1.081445993031359,0.7472918716577981,0.28489581739742376,0.9558823529411765,1.8309859154929577,1.4617691154422787
service,weekly,pales_in,ma7,2,2024-12-09,2026-01-19,0.6562966650074664,0.4946581866438483,0.17289460226155143,0.796218487394958,1.351739881338874,1.2176054829727994
service,weekly,pales_in,ma28,2,2024-12-09,2026-01-19,1.3581539323046292,1.3557064797887985,0.3577916763192748,0.421218487394958,0.533631058745846,0.6441422146069822
service,weekly,pales_in,model_p50,2,2024-12-09,2026-01-19,0.4657946333261869,1.1033024155932447,0.12270880252542513,0.5371623516528996,0.734411439656142,0.8214476741918404
service,weekly,pales_in,model_p80,2,2024-12-09,2026-01-19,0.5417048551499096,1.1311355849566365,0.1427065692513148,0.5371623516528996,0.734411439656142,0.8214476741918404
service,weekly,peso_facturable_in,naive_t7,2,2024-12-09,2026-01-19,1.0623352211477253,0.7247119197153452,0.2351469048840672,0.9699532646908481,1.8833189435812001,1.0425482640796446
service,weekly,peso_facturable_in,ma7,2,2024-12-09,2026-01-19,0.668500993948289,0.4880698396534499,0.14797206805308724,0.7425534229590187,1.207117886222387,0.7981289514387748
service,weekly,peso_facturable_in,ma28,2,2024-12-09,2026-01-19,1.0740633854379753,0.6651061675827716,0.23774292305039008,0.29460485489848937,0.3455523343983015,0.31665420515054393
service,weekly,peso_facturable_in,model_p50,2,2024-12-09,2026-01-19,0.546491801686853,0.9959919515650371,0.12096544777301634,1.0536957891478027,0.690111826392411,1.1325583982587093
service,weekly,peso_facturable_in,model_p80,2,2024-12-09,2026-01-19,0.7202403295187941,1.352470010186793,0.15942452145759559,1.0536957891478027,0.690111826392411,1.1325583982587093
service,weekly,mix_entrega_vs_recogida,naive_t7,2,2024-12-09,2026-01-19,0.5788659957802738,0.60190683669808,1.276254047829079,0.26852933176186444,0.36745524013799946,1.0332209589107948
service,weekly,mix_entrega_vs_recogida,ma7,2,2024-12-09,2026-01-19,0.3987720849457857,0.4639737344259013,0.8791922332340314,0.1605717806890264,0.18391561036921159,0.6178324286922129
service,weekly,mix_entrega_vs_recogida,ma28,2,2024-12-09,2026-01-19,0.41391196433174404,0.4521774743660775,0.9125718625279028,0.10584246625170703,0.11142576258512246,0.4072503132397207
service,weekly,mix_entrega_vs_recogida,model_p50,2,2024-12-09,2026-01-19,0.16466215007290513,0.22004951441536252,0.3630386602196505,0.06073100982603284,0.06023263053932273,0.23367485330697824
service,weekly,mix_entrega_vs_recogida,model_p80,2,2024-12-09,2026-01-19,0.20834843361252883,0.2641401428440468,0.4593559367715401,0.06211930187450596,0.06161237310848202,0.23901658797767592
service,weekly,conteo_servicios,naive_t7,3,2025-12-29,2026-02-16,0.6477084483710657,0.9369543139238636,0.4684163310522728,0.5984251968503937,0.8678903514068349,1.638858160817159
service,weekly,conteo_servicios,ma7,3,2025-12-29,2026-02-16,0.3649917172832689,0.5353200107116535,0.2639583928606584,0.3880764904386952,0.48564653211600856,1.0627933561690224
service,weekly,conteo_servicios,ma28,3,2025-12-29,2026-02-16,0.5749191449081013,0.5842273972399037,0.4157758281319848,0.5857705286839144,0.8283979912563604,1.6042018557246909
service,weekly,conteo_servicios,model_p50,3,2025-12-29,2026-02-16,0.16238880357732535,0.26303294227434004,0.11743797346932508,0.15426534933081873,0.1671587508799155,0.42247389985038836
service,weekly,conteo_servicios,model_p80,3,2025-12-29,2026-02-16,0.17763093294782864,0.33101581863604584,0.12846093038012488,0.10675343655381898,0.10134402507817326,0.29235690878711695
service,weekly,m3_out,naive_t7,3,2025-12-29,2026-02-16,0.5764438182352454,0.5333217126251251,0.22333445715664546,0.5194612889578338,0.7062305007426053,0.9290380866088488
service,weekly,m3_out,ma7,3,2025-12-29,2026-02-16,0.33850278834117103,0.5241891429875954,0.13114779634835874,0.2719518705804138,0.3173688677564071,0.4863762726200633
service,weekly,m3_out,ma28,3,2025-12-29,2026-02-16,0.6099624130964311,0.8977033776780216,0.23632073084224767,0.553092325281544,0.7645509619701417,0.9891860019608019
service,weekly,m3_out,model_p50,3,2025-12-29,2026-02-16,0.18248206395007802,1.3749887761030057,0.07069992149084527,0.06776192071946492,0.0655413179249259,0.12118979124787545
service,weekly,m3_out,model_p80,3,2025-12-29,2026-02-16,0.2549152253450069,1.379282747931804,0.09876305664563048,0.21161538257279844,0.19136725512066546,0.37846660434862667
service,weekly,cajas_out,naive_t7,3,2025-12-29,2026-02-16,0.728110599078341,0.643703616107507,0.4444875516290533,0.7771260997067448,1.2833588511986027,2.5160667973938895
service,weekly,cajas_out,ma7,3,2025-12-29,2026-02-16,0.42610269914417376,0.3919115311696681,0.2601216706979247,0.45035609551738587,0.5894743562623278,1.4580980092713915
service,weekly,cajas_out,ma28,3,2025-12-29,2026-02-16,0.7404799621461486,1.2116413712658798,0.4520386405874892,0.6774193548387096,1.0245404760159333,2.1932506799924094
service,weekly,cajas_out,model_p50,3,2025-12-29,2026-02-16,0.3186192100787655,0.9280318513261263,0.1945065389367524,0.37913469276454403,0.4678176416906538,1.227507624007192
service,weekly,cajas_out,model_p80,3,2025-12-29,2026-02-16,0.3449193780784466,0.9566008311242306,0.21056192570959792,0.33306079652580706,0.39960761116140303,1.0783362082014398
service,weekly,pales_out,naive_t7,3,2025-12-29,2026-02-16,0.690626517727052,0.8071207454160079,0.24240183031483475,0.45930232558139533,0.6655882698253258,0.7272054909445043
service,weekly,pales_out,ma7,3,2025-12-29,2026-02-16,0.42420037466176375,0.7249751711235914,0.14888937015721318,0.3372093023255814,0.4074563817862078,0.5338977022124208
service,weekly,pales_out,ma28,3,2025-12-29,2026-02-16,0.6791438284881706,1.0231917831425255,0.23837154069085395,0.47093023255813954,0.615981191528352,0.745615756538036
service,weekly,pales_out,model_p50,3,2025-12-29,2026-02-16,0.21657790482776332,0.9056574376407774,0.07601631154966804,0.03297195477746964,0.03352464125516778,0.05220393023483754
service,weekly,pales_out,model_p80,3,2025-12-29,2026-02-16,0.4234469430847953,0.9994496342236837,0.148624924485658,0.23167723162031986,0.20762611038703793,0.3668105854849665
service,weekly,peso_facturable_out,naive_t7,3,2025-12-29,2026-02-16,0.759549601122312,0.5537239368346714,0.1818094418750472,0.5819717881249117,0.9827330081248867,0.6737283360847659
service,weekly,peso_facturable_out,ma7,3,2025-12-29,2026-02-16,0.4250296600457898,0.35114992227599384,0.10173714153635953,0.3326124707143029,0.40720222163982506,0.3850537964690695
service,weekly,peso_facturable_out,ma28,3,2025-12-29,2026-02-16,0.6278294342917935,0.39338991705953474,0.15028026987659035,0.34777715563578626,0.4213232877991698,0.402609420552359
service,weekly,peso_facturable_out,model_p50,3,2025-12-29,2026-02-16,0.43157828335618115,1.1556490630344638,0.103304651475609,0.2805167507140421,0.32628029476940934,0.32474440781983793
service,weekly,peso_facturable_out,model_p80,3,2025-12-29,2026-02-16,0.3408551054306126,1.1099016504079802,0.08158871571656684,0.04979979990231307,0.048589915858793985,0.05765148244323199
service,weekly,m3_in,naive_t7,3,2025-12-29,2026-02-16,1.2323809523809521,0.8604974253714076,0.7684488128142731,0.8546389343304511,1.5654559733539788,4.467556772118555
service,weekly,m3_in,ma7,3,2025-12-29,2026-02-16,0.8651428571428569,0.6649500089820163,0.5394581928597262,0.6193035756017761,0.917013567680444,3.237359979796054
service,weekly,m3_in,ma28,3,2025-12-29,2026-02-16,0.7453855523161645,1.001245392482723,0.4647837518582546,0.8069016459119287,1.3539466078465836,4.218013909524976
service,weekly,m3_in,model_p50,3,2025-12-29,2026-02-16,0.4967119096938045,1.3805961946213274,0.3097237721643434,0.7082555008922127,1.096587601311881,3.7023490649652278
service,weekly,m3_in,model_p80,3,2025-12-29,2026-02-16,0.556222419742368,1.3918797222117523,0.34683143818955975,0.5897950839862647,0.8364672074090546,3.0831066966184486
service,weekly,cajas_in,naive_t7,3,2025-12-29,2026-02-16,0.726149622512011,0.48779144638615013,0.1922223481063159,0.7340619307832422,1.2448778346452765,0.7907642229659066
service,weekly,cajas_in,ma7,3,2025-12-29,2026-02-16,0.4114128836160408,0.4207899924277093,0.10890696363139367,0.3190215977101223,0.39695069291979646,0.3436642812322586
service,weekly,cajas_in,ma28,3,2025-12-29,2026-02-16,0.41337386018237093,0.9733751705850707,0.1094260626000848,0.11618527192297688,0.11922764118221371,0.12515995234111219
service,weekly,cajas_in,model_p50,3,2025-12-29,2026-02-16,0.22960007651156653,1.365278220016413,0.0607784738354155,0.07346234967513651,0.07200007466495233,0.0791369166851163
service,weekly,cajas_in,model_p80,3,2025-12-29,2026-02-16,0.33822567977907325,1.3232501050690575,0.08953324816458604,0.0729277511296454,0.06297045984673913,0.078561023309236
service,weekly,pales_in,naive_t7,3,2025-12-29,2026-02-16,0.7365930599369085,0.9910245341913785,0.24683904378856117,0.9558823529411765,1.8309859154929577,1.4842056423089502
service,weekly,pales_in,ma7,3,2025-12-29,2026-02-16,0.42848129788192885,0.8396311220132003,0.1435879858269587,0.796218487394958,1.351739881338874,1.2362943701870157
service,weekly,pales_in,ma28,3,2025-12-29,2026-02-16,0.42219468228931945,1.209179684722555,0.14148128367899265,0.421218487394958,0.533631058745846,0.6540290797427352
service,weekly,pales_in,model_p50,3,2025-12-29,2026-02-16,0.3522648989922851,1.2215555355727472,0.11804717632688191,0.6255482427152875,0.9102512902323826,0.9712934112840698
service,weekly,pales_in,model_p80,3,2025-12-29,2026-02-16,0.4219052125984717,1.194532822296056,0.14138427974889758,0.5498049877506682,0.7582497293214251,0.8536862956809518
service,weekly,peso_facturable_in,naive_t7,3,2025-12-29,2026-02-16,0.7063161307261863,0.5636880662722166,0.20790774275580365,0.3183824164124993,0.3787685558305669,0.5041734995990829
service,weekly,peso_facturable_in,ma7,3,2025-12-29,2026-02-16,0.5708515229175548,0.40077963487634305,0.16803304698206234,0.4253382447241428,0.5415724749700148,0.6735430736792517
service,weekly,peso_facturable_in,ma28,3,2025-12-29,2026-02-16,0.42800739794823756,0.3236182060874838,0.12598615282750747,0.5388065770778012,0.7376554827730085,0.8532255035729206
service,weekly,peso_facturable_in,model_p50,3,2025-12-29,2026-02-16,0.41623634488410705,0.9706470071364062,0.12252128353462297,0.03064528891830714,0.031122162752970823,0.048528253332150204
service,weekly,peso_facturable_in,model_p80,3,2025-12-29,2026-02-16,0.5047451764639964,1.0621081179604426,0.14857430793434753,0.02311648813764974,0.02338679846226502,0.036606043933342054
service,weekly,mix_entrega_vs_recogida,naive_t7,3,2025-12-29,2026-02-16,0.407942169794768,0.5575423820825839,1.236381456446612,0.19083678661830542,0.2136269465859076,0.8905213430519492
service,weekly,mix_entrega_vs_recogida,ma7,3,2025-12-29,2026-02-16,0.24475302216362133,0.3145371882462349,0.7417916568042167,0.10075440609507383,0.10633557285760142,0.4701606573036908
service,weekly,mix_entrega_vs_recogida,ma28,3,2025-12-29,2026-02-16,0.3018996971768537,0.3625670951462678,0.9149904445625093,0.3194640120904665,0.3802022592107576,1.490747806776776
service,weekly,mix_entrega_vs_recogida,model_p50,3,2025-12-29,2026-02-16,0.17040356164929968,0.17304198707814003,0.516455074604433,0.14331613623333128,0.15437860912151702,0.6687708401566649
service,weekly,mix_entrega_vs_recogida,model_p80,3,2025-12-29,2026-02-16,0.14633071456249724,0.14699554024079467,0.4434956603890038,0.1028392756228603,0.10841387796136633,0.47988949860767866
workload,weekly,conteo_movimientos,naive_t7,1,2024-11-18,2025-12-29,0.6514926953207707,0.6513367340336029,1.230882632680236,0.2540983606557377,0.22545454545454546,0.7936532802202106
workload,weekly,conteo_movimientos,ma7,1,2024-11-18,2025-12-29,0.45833459362995677,0.5668010461009212,0.8659438475789785,0.025175644028103027,0.02549659057219091,0.0786338503443987
workload,weekly,conteo_movimientos,ma28,1,2024-11-18,2025-12-29,0.6984437857294092,0.6749158919469571,1.3195885877653326,0.07742974238875888,0.07454378919185524,0.24184480716387785
workload,weekly,conteo_movimientos,model_p50,1,2024-11-18,2025-12-29,0.21182997076627127,0.4177082050078709,0.4002160484224429,0.0036885674381696696,0.003681777196428998,0.011520907254427474
workload,weekly,conteo_movimientos,model_p80,1,2024-11-18,2025-12-29,0.23563315656237913,0.4329102338636292,0.4451880461275965,0.017586713101288946,0.017433414868455312,0.05493051000057505
workload,weekly,unidades_movidas,naive_t7,1,2024-11-18,2025-12-29,0.7503022348839351,0.7257820279736691,1.3632855677103837,0.4570860667727618,0.5924971664708439,1.4872474857468119
workload,weekly,unidades_movidas,ma7,1,2024-11-18,2025-12-29,0.5335887337541015,0.6224312828693268,0.9695210623121127,0.3020184768700298,0.3557382371432461,0.9826950612286751
workload,weekly,unidades_movidas,ma28,1,2024-11-18,2025-12-29,0.5254805986338333,0.6016671054247387,0.9547887276920283,0.2320033684151988,0.26244774935711845,0.7548828359535928
workload,weekly,unidades_movidas,model_p50,1,2024-11-18,2025-12-29,0.3137627635692639,0.4775923781163403,0.5701012570288713,0.37764567994038306,0.4655526542765401,1.2287676847382505
workload,weekly,unidades_movidas,model_p80,1,2024-11-18,2025-12-29,0.45792503304584914,0.5739117373899574,0.8320414889091693,0.20117264135158414,0.2236708713422495,0.6545671084739743
workload,weekly,skus_distintos,naive_t7,1,2024-11-18,2025-12-29,0.3835763293310463,0.5015354572187068,1.1214186772338337,0.09912854030501089,0.10429799426934097,0.4563403001823538
workload,weekly,skus_distintos,ma7,1,2024-11-18,2025-12-29,0.44459078657191864,0.5466519630542671,1.299799736488788,0.22844693432928723,0.25790583274771606,1.051660220828407
workload,weekly,skus_distintos,ma28,1,2024-11-18,2025-12-29,0.4356162705219309,0.5449671606900979,1.2735619602027934,0.25910364145658266,0.2976669348350765,1.1927890106807209
workload,weekly,skus_distintos,model_p50,1,2024-11-18,2025-12-29,0.33868774946489094,0.5211336140512534,0.9901830195377505,0.3840751068114305,0.47536257214723293,1.7680977546487489
workload,weekly,skus_distintos,model_p80,1,2024-11-18,2025-12-29,0.28346175011832686,0.4520372336726351,0.8287250191336369,0.311165262652644,0.3684969947283174,1.4324557683217556
workload,weekly,workload_atribuible_movs,naive_t7,1,2024-11-18,2025-12-29,,0.0,,,0.0,
workload,weekly,workload_atribuible_movs,ma7,1,2024-11-18,2025-12-29,,0.0,,,0.0,
workload,weekly,workload_atribuible_movs,ma28,1,2024-11-18,2025-12-29,,0.0,,,0.0,
workload,weekly,workload_atribuible_movs,model_p50,1,2024-11-18,2025-12-29,,0.0,,,0.0,
workload,weekly,workload_atribuible_movs,model_p80,1,2024-11-18,2025-12-29,,0.0,,,0.0,
workload,weekly,workload_no_atribuible_movs,naive_t7,1,2024-11-18,2025-12-29,0.6514926953207707,0.6513367340336029,1.230882632680236,0.2540983606557377,0.22545454545454546,0.7936532802202106
workload,weekly,workload_no_atribuible_movs,ma7,1,2024-11-18,2025-12-29,0.45833459362995677,0.5668010461009212,0.8659438475789785,0.025175644028103027,0.02549659057219091,0.0786338503443987
workload,weekly,workload_no_atribuible_movs,ma28,1,2024-11-18,2025-12-29,0.6984437857294092,0.6749158919469571,1.3195885877653326,0.07742974238875888,0.07454378919185524,0.24184480716387785
workload,weekly,workload_no_atribuible_movs,model_p50,1,2024-11-18,2025-12-29,0.21718089061515095,0.4206640026762229,0.4103256848898281,0.00873345433752686,0.008695483533336306,0.027278155847776053
workload,weekly,workload_no_atribuible_movs,model_p80,1,2024-11-18,2025-12-29,0.2475594980017841,0.4419746115405163,0.4677208030634979,0.00873345433752686,0.008695483533336306,0.027278155847776053
workload,weekly,conteo_movimientos,naive_t7,2,2024-12-16,2026-01-26,1.1624858391325457,0.8517558780617915,1.4416683961027612,0.015006002400960384,0.015119443604475355,0.040141121985319814
workload,weekly,conteo_movimientos,ma7,2,2024-12-16,2026-01-26,0.8794996878829214,0.8042817714551116,1.090720301031108,0.0013719773623734818,0.0013729191693838635,0.003670045438657707
workload,weekly,conteo_movimientos,ma28,2,2024-12-16,2026-01-26,1.3119610200448524,0.9094927672310902,1.6270415310424675,0.20622534728176992,0.18694857942399634,0.5516537049982525
workload,weekly,conteo_movimientos,model_p50,2,2024-12-16,2026-01-26,0.4678236668229948,0.5936061346251844,0.580176181682261,0.005309969371304081,0.005324104787980977,0.01420419126803469
workload,weekly,conteo_movimientos,model_p80,2,2024-12-16,2026-01-26,0.5260781495094774,0.6255634743862859,0.6524210588182152,0.008089652210807825,0.008057062792890264,0.02163985500842426
workload,weekly,unidades_movidas,naive_t7,2,2024-12-16,2026-01-26,0.9937157358004032,0.9382884824881202,1.6325087116111334,0.44060143330321233,0.5650914945196095,2.018562562228828
workload,weekly,unidades_movidas,ma7,2,2024-12-16,2026-01-26,0.9497525176923765,0.9623226952460303,1.5602844990258256,0.7305047996329068,1.150858702611354,3.34672002542645
workload,weekly,unidades_movidas,ma28,2,2024-12-16,2026-01-26,0.9514893514644706,0.9316912545794773,1.563137826352156,0.5288029614120303,0.7188744234009151,2.4226472726144843
workload,weekly,unidades_movidas,model_p50,2,2024-12-16,2026-01-26,0.6716712201666348,0.7938348260195571,1.1034434484196944,0.7289190741657033,1.1469278774477152,3.3394552146016814
workload,weekly,unidades_movidas,model_p80,2,2024-12-16,2026-01-26,0.8206873127155776,0.8790531052158415,1.3482519590351116,0.5833662320447899,0.823594983037612,2.672622345428768
workload,weekly,skus_distintos,naive_t7,2,2024-12-16,2026-01-26,1.5154116269996099,1.0066048712643771,2.4816920509075735,0.2681318681318681,0.3096446700507614,1.2472355518464426
workload,weekly,skus_distintos,ma7,2,2024-12-16,2026-01-26,0.9899671144306337,0.7840304926875442,1.621205403713749,0.20737833594976446,0.23136877134600223,0.9646359273941162
workload,weekly,skus_distintos,ma28,2,2024-12-16,2026-01-26,1.1737918733626889,0.8953873003939485,1.9222433757563113,0.24348508634222918,0.27723657163285365,1.1325891925725016
workload,weekly,skus_distintos,model_p50,2,2024-12-16,2026-01-26,0.45742203734967546,0.5563893413741017,0.7490906191924902,0.31656815473967737,0.3760985698719794,1.4725405820824342
workload,weekly,skus_distintos,model_p80,2,2024-12-16,2026-01-26,0.5357405189228951,0.6120430459313966,0.8773477538854791,0.24619609308587426,0.2807566936249608,1.1451996443458305
workload,weekly,workload_atribuible_movs,naive_t7,2,2024-12-16,2026-01-26,,0.0,,,0.0,
workload,weekly,workload_atribuible_movs,ma7,2,2024-12-16,2026-01-26,,0.0,,,0.0,
workload,weekly,workload_atribuible_movs,ma28,2,2024-12-16,2026-01-26,,0.0,,,0.0,
workload,weekly,workload_atribuible_movs,model_p50,2,2024-12-16,2026-01-26,,0.0,,,0.0,
workload,weekly,workload_atribuible_movs,model_p80,2,2024-12-16,2026-01-26,,0.0,,,0.0,
workload,weekly,workload_no_atribuible_movs,naive_t7,2,2024-12-16,2026-01-26,1.1624858391325457,0.8517558780617915,1.4416683961027612,0.015006002400960384,0.015119443604475355,0.040141121985319814
workload,weekly,workload_no_atribuible_movs,ma7,2,2024-12-16,2026-01-26,0.8794996878829214,0.8042817714551116,1.090720301031108,0.0013719773623734818,0.0013729191693838635,0.003670045438657707
workload,weekly,workload_no_atribuible_movs,ma28,2,2024-12-16,2026-01-26,1.3119610200448524,0.9094927672310902,1.6270415310424675,0.20622534728176992,0.18694857942399634,0.5516537049982525
workload,weekly,workload_no_atribuible_movs,model_p50,2,2024-12-16,2026-01-26,0.41736931281208195,0.5639711478365921,0.517604711841741,0.023123159503894458,0.023393626785664205,0.06185455270035346
workload,weekly,workload_no_atribuible_movs,model_p80,2,2024-12-16,2026-01-26,0.5119136017784,0.6190734122476661,0.6348547538176988,0.0037158497442683317,0.0037089587775058835,0.009939914300843268
workload,weekly,conteo_movimientos,naive_t7,3,2026-01-05,2026-02-23,0.8729867312025369,1.0821146868621039,2.0670558399547754,0.911529223378703,1.6748804707613094,3.599415847492227
workload,weekly,conteo_movimientos,ma7,3,2026-01-05,2026-02-23,0.5422443700003577,0.6780895740400364,1.2839248886954675,0.4575660528422738,0.593303919024137,1.806821393800446
workload,weekly,conteo_movimientos,ma28,3,2026-01-05,2026-02-23,0.43922640407243596,0.4800494009806196,1.0399992017629263,0.35575603339814704,0.4327290117820964,1.4047974235075769
workload,weekly,conteo_movimientos,model_p50,3,2026-01-05,2026-02-23,0.0557744833308844,0.15084695017242353,0.1320626847681346,0.005274776966539419,0.005288725389974112,0.020828861344647214
workload,weekly,conteo_movimientos,model_p80,3,2026-01-05,2026-02-23,0.10790537756378552,0.21009882623253395,0.25549808821091924,0.02399368980844493,0.02370925357056399,0.09474547290564378
workload,weekly,unidades_movidas,naive_t7,3,2026-01-05,2026-02-23,0.829728999133231,1.190474807450846,2.6094181675460963,0.9242672594712833,1.718395703038677,4.390549190863055
workload,weekly,unidades_movidas,ma7,3,2026-01-05,2026-02-23,0.569067555526193,0.7477365533330798,1.7896629134359767,0.3862366817284454,0.4786782266709718,1.8347411239196285
workload,weekly,unidades_movidas,ma28,3,2026-01-05,2026-02-23,0.547910223606551,0.6897704054585816,1.7231251326116472,0.517287639925695,0.6977585860278005,2.4572728349356665
workload,weekly,unidades_movidas,model_p50,3,2026-01-05,2026-02-23,0.4452933946562698,0.5491718651986004,1.4004050420295928,0.3920014006572725,0.48756435586138425,1.8621252833920663
workload,weekly,unidades_movidas,model_p80,3,2026-01-05,2026-02-23,0.44203981784529384,0.5770061475958819,1.3901728548348142,0.3148913314622772,0.3737341541724175,1.495829119114704
workload,weekly,skus_distintos,naive_t7,3,2026-01-05,2026-02-23,1.1593191964285714,1.1167377064470052,2.5878774129681568,0.7845744680851063,1.2910284463894968,2.939778914370566
workload,weekly,skus_distintos,ma7,3,2026-01-05,2026-02-23,0.6111686862244898,0.6563496416462056,1.3642745185848635,0.6884498480243162,1.0498261877172657,2.5796026115445354
workload,weekly,skus_distintos,ma28,3,2026-01-05,2026-02-23,0.5329340720663265,0.524322727501809,1.1896361691847173,0.241451367781155,0.27460300313276437,0.9047116223159779
workload,weekly,skus_distintos,model_p50,3,2026-01-05,2026-02-23,0.17505863031112798,0.22094772233233262,0.39077268514394276,0.1815327697658445,0.19965470561981957,0.6801982865022661
workload,weekly,skus_distintos,model_p80,3,2026-01-05,2026-02-23,0.2392667977273486,0.3031390243733429,0.534100654435231,0.18146492620596646,0.19957264374051784,0.6799440785527109
workload,weekly,workload_atribuible_movs,naive_t7,3,2026-01-05,2026-02-23,,0.0,,,0.0,
workload,weekly,workload_atribuible_movs,ma7,3,2026-01-05,2026-02-23,,0.0,,,0.0,
workload,weekly,workload_atribuible_movs,ma28,3,2026-01-05,2026-02-23,,0.0,,,0.0,
workload,weekly,workload_atribuible_movs,model_p50,3,2026-01-05,2026-02-23,,0.0,,,0.0,
workload,weekly,workload_atribuible_movs,model_p80,3,2026-01-05,2026-02-23,,0.0,,,0.0,
workload,weekly,workload_no_atribuible_movs,naive_t7,3,2026-01-05,2026-02-23,0.8729867312025369,1.0821146868621039,2.0670558399547754,0.911529223378703,1.6748804707613094,3.599415847492227
workload,weekly,workload_no_atribuible_movs,ma7,3,2026-01-05,2026-02-23,0.5422443700003577,0.6780895740400364,1.2839248886954675,0.4575660528422738,0.593303919024137,1.806821393800446
workload,weekly,workload_no_atribuible_movs,ma28,3,2026-01-05,2026-02-23,0.43922640407243596,0.4800494009806196,1.0399992017629263,0.35575603339814704,0.4327290117820964,1.4047974235075769
workload,weekly,workload_no_atribuible_movs,model_p50,3,2026-01-05,2026-02-23,0.05510540947350501,0.14942362987603158,0.13047845333044472,0.0070717360332596445,0.007096829485657456,0.027924632688184747
workload,weekly,workload_no_atribuible_movs,model_p80,3,2026-01-05,2026-02-23,0.09697264768418078,0.19599531542719215,0.22961159722937183,0.05151514222337292,0.050221556900177,0.2034212557852226
