date,axis,tipo_servicio,dow,week_iso,month,year,day,week_of_month,fin_de_mes,is_weekend,is_holiday,is_pre_holiday_1,is_pre_holiday_2,is_post_holiday_1,is_post_holiday_2,is_puente,dias_desde_holiday,dias_hasta_holiday,easter_week_rel,is_semana_santa,post_semana_santa,easter_day_of_year,temp_media_weighted,precip_weighted,viento_weighted,weather_source,weather_fallback,temp_media_weighted_roll3,temp_media_weighted_roll7,precip_weighted_roll3,precip_weighted_roll7,viento_weighted_roll3,viento_weighted_roll7,conteo_servicios_p50,conteo_servicios_p80,m3_out_p50,m3_out_p80,cajas_out_p50,cajas_out_p80,pales_out_p50,pales_out_p80,peso_facturable_out_p50,peso_facturable_out_p80,m3_in_p50,m3_in_p80,cajas_in_p50,cajas_in_p80,pales_in_p50,pales_in_p80,peso_facturable_in_p50,peso_facturable_in_p80,mix_entrega_vs_recogida_p50,mix_entrega_vs_recogida_p80,freq,conteo_movimientos_p50,conteo_movimientos_p80,unidades_movidas_p50,unidades_movidas_p80,skus_distintos_p50,skus_distintos_p80,workload_atribuible_movs_p50,workload_atribuible_movs_p80,workload_no_atribuible_movs_p50,workload_no_atribuible_movs_p80,workload_expected_movs_p50,workload_expected_movs_p80,workload_plan_date
2026-03-06,service,desconocida,4,10,3,2026,6,1,0,0,0,0,0,0,0,0,59.0,27.0,-4,0,0,95,,,,fallback_empty,1,,,,,,,1.2900199052737225,2.1208533860890157,0.0025749852308595,0.0025749852308595,1.0593317978631294,5.046545254509825,6.3259714872031445,27.630621785451055,47.14249329837093,1271.4526687301866,9.899425658493686e-07,4.3499256803235745e-05,9.793992779469583,39.01469428037641,4.262333684825969,8.84048149102371,-72.4831334430499,-72.4831334430499,0.864467532117819,0.905540374821796,daily,,,,,,,,,,,,,
2026-03-06,service,entrega,4,10,3,2026,6,1,0,0,0,0,0,0,0,0,59.0,27.0,-4,0,0,95,,,,fallback_empty,1,,,,,,,15.534837033558803,25.058770703422702,33.09479414293774,58.27085167310341,33.05131942973181,60.88751267042685,36.00734251443723,56.21211381244037,6995.418771794368,21045.004335331418,3.548850707761885e-07,1.667813063556845,1.4195402831047534e-07,3.236551845478836e-05,8.09137961369709e-06,0.7544845171314947,0.0004154923431633,0.0165924850343148,0.864467532117819,0.905540374821796,daily,,,,,,,,,,,,,
2026-03-06,service,mixto,4,10,3,2026,6,1,0,0,0,0,0,0,0,0,59.0,27.0,-4,0,0,95,,,,fallback_empty,1,,,,,,,1.428166945397435,2.4412299094811156,5.5730116108654,36.9575911609021,1.0000053942530756,2.787651750280004,11.37341015610349,45.72025036442907,1545.5567434214445,3717.837071730384,5.058353441397259,29.104066878178507,-0.1284846200387853,0.8914149412278747,3.981491193290025,17.823406755444566,8.54638115142962,8.54638115142962,0.8627322451716932,0.905540374821796,daily,,,,,,,,,,,,,
2026-03-06,service,recogida,4,10,3,2026,6,1,0,0,0,0,0,0,0,0,59.0,27.0,-4,0,0,95,,,,fallback_empty,1,,,,,,,2.30757057989961,3.7446851981850457,3.1229886228304565e-07,0.000112874745611,8.09137961369709e-06,8.260566815437104e-05,8.09137961369709e-06,7.929552021423174e-05,0.000451768695098,0.020978905428021,6.646698938619179,13.93512161937943,3.341895287182195,6.273531740491636,8.64083538129736,17.819941656778703,1221.7891122496155,9500.804645739638,0.8629756938062312,0.905540374821796,daily,,,,,,,,,,,,,
2026-03-06,workload,ALL,4,10,3,2026,6,1,0,0,0,0,0,0,0,0,59.0,27.0,-4,0,0,95,,,,fallback_empty,1,,,,,,,,,,,,,,,,,,,,,,,,,,,daily,274.43198078049767,274.43198078049767,12259.572974627228,13510.069208045294,74.88486594998375,79.3778953798295,0.0,0.0,274.43198078049767,274.43198078049767,,,
2026-03-06,workload_expected_from_service,desconocida,4,10,3,2026,6,1,0,0,0,0,0,0,0,0,59.0,27.0,-4,0,0,95,,,,fallback_empty,1,,,,,,,1.2900199052737225,2.1208533860890157,0.0025749852308595,0.0025749852308595,1.0593317978631294,5.046545254509825,6.3259714872031445,27.630621785451055,47.14249329837093,1271.4526687301866,9.899425658493686e-07,4.3499256803235745e-05,9.793992779469583,39.01469428037641,4.262333684825969,8.84048149102371,-72.4831334430499,-72.4831334430499,0.864467532117819,0.905540374821796,daily,,,,,,,,,,,0.0,0.0,2026-03-06
2026-03-06,workload_expected_from_service,entrega,4,10,3,2026,6,1,0,0,0,0,0,0,0,0,59.0,27.0,-4,0,0,95,,,,fallback_empty,1,,,,,,,15.534837033558803,25.058770703422702,33.09479414293774,58.27085167310341,33.05131942973181,60.88751267042685,36.00734251443723,56.21211381244037,6995.418771794368,21045.004335331418,3.548850707761885e-07,1.667813063556845,1.4195402831047534e-07,3.236551845478836e-05,8.09137961369709e-06,0.7544845171314947,0.0004154923431633,0.0165924850343148,0.864467532117819,0.905540374821796,daily,,,,,,,,,,,0.0,0.0,2026-03-06
2026-03-06,workload_expected_from_service,mixto,4,10,3,2026,6,1,0,0,0,0,0,0,0,0,59.0,27.0,-4,0,0,95,,,,fallback_empty,1,,,,,,,1.428166945397435,2.4412299094811156,5.5730116108654,36.9575911609021,1.0000053942530756,2.787651750280004,11.37341015610349,45.72025036442907,1545.5567434214445,3717.837071730384,5.058353441397259,29.104066878178507,-0.1284846200387853,0.8914149412278747,3.981491193290025,17.823406755444566,8.54638115142962,8.54638115142962,0.8627322451716932,0.905540374821796,daily,,,,,,,,,,,0.0,0.0,2026-03-06
2026-03-06,workload_expected_from_service,recogida,4,10,3,2026,6,1,0,0,0,0,0,0,0,0,59.0,27.0,-4,0,0,95,,,,fallback_empty,1,,,,,,,2.30757057989961,3.7446851981850457,3.1229886228304565e-07,0.000112874745611,8.09137961369709e-06,8.260566815437104e-05,8.09137961369709e-06,7.929552021423174e-05,0.000451768695098,0.020978905428021,6.646698938619179,13.93512161937943,3.341895287182195,6.273531740491636,8.64083538129736,17.819941656778703,1221.7891122496155,9500.804645739638,0.8629756938062312,0.905540374821796,daily,,,,,,,,,,,0.0,0.0,2026-03-06
2026-03-07,service,desconocida,5,10,3,2026,7,1,0,1,0,0,0,0,0,0,60.0,26.0,-4,0,0,95,,,,fallback_empty,1,,,,,,,1.3138309234066383,1.7149002480500994,0.0025749852308595,0.0025749852308595,1.773721049982211,4.465712016264016,3.937296458436408,20.991813046408947,-94.87948553367544,460.3511503468715,9.899425658493686e-07,4.3499256803235745e-05,10.567827510397324,39.68244638373511,4.280270026607902,9.05411957821975,11.63410527087106,11.63410527087106,0.64457767268291,0.7957432715193172,daily,,,,,,,,,,,,,
2026-03-07,service,entrega,5,10,3,2026,7,1,0,1,0,0,0,0,0,0,60.0,26.0,-4,0,0,95,,,,fallback_empty,1,,,,,,,2.7840349528334154,6.788979487332261,7.448333274162617,13.390516867500748,3.3798321899588952,10.63510063933014,9.17531898619057,15.01195233882626,1900.3127447561112,7731.44397533078,3.548850707761885e-07,0.7226539261349688,1.4195402831047534e-07,3.236551845478836e-05,8.09137961369709e-06,0.7544845171314947,0.0004154923431633,0.0165924850343148,0.6517714927374656,0.7957432715193172,daily,,,,,,,,,,,,,
2026-03-07,service,mixto,5,10,3,2026,7,1,0,1,0,0,0,0,0,0,60.0,26.0,-4,0,0,95,,,,fallback_empty,1,,,,,,,1.4249154739010963,2.7018119648261605,5.5730116108654,36.9575911609021,1.0000053942530756,2.343516597284008,8.332062015253047,33.262114442773544,370.34368035852,2005.5368241379508,5.058353441397259,29.33566837654068,0.6435152989155777,0.8076180542493959,4.061862138293275,14.314015079357407,190.90519117901948,190.90519117901948,0.6428423857367842,0.7957432715193172,daily,,,,,,,,,,,,,
2026-03-07,service,recogida,5,10,3,2026,7,1,0,1,0,0,0,0,0,0,60.0,26.0,-4,0,0,95,,,,fallback_empty,1,,,,,,,0.8827020294362213,1.4534009374070582,3.1229886228304565e-07,0.000112874745611,8.09137961369709e-06,8.260566815437104e-05,8.09137961369709e-06,7.929552021423174e-05,0.000451768695098,0.020978905428021,3.663823514531107,13.900925505684851,0.9068535393820836,2.9850981705095903,4.268463533534302,12.892470629105656,1444.4224937286515,9173.40468555071,0.6208009707430535,0.7441354432794877,daily,,,,,,,,,,,,,
2026-03-07,workload,ALL,5,10,3,2026,7,1,0,1,0,0,0,0,0,0,60.0,26.0,-4,0,0,95,,,,fallback_empty,1,,,,,,,,,,,,,,,,,,,,,,,,,,,daily,274.57627525098815,274.57627525098815,12261.757923680398,13507.150158389486,74.92162806074404,79.38390735520237,0.0,0.0,274.57627525098815,274.57627525098815,,,
2026-03-07,workload_expected_from_service,desconocida,5,10,3,2026,7,1,0,1,0,0,0,0,0,0,60.0,26.0,-4,0,0,95,,,,fallback_empty,1,,,,,,,1.3138309234066383,1.7149002480500994,0.0025749852308595,0.0025749852308595,1.773721049982211,4.465712016264016,3.937296458436408,20.991813046408947,-94.87948553367544,460.3511503468715,9.899425658493686e-07,4.3499256803235745e-05,10.567827510397324,39.68244638373511,4.280270026607902,9.05411957821975,11.63410527087106,11.63410527087106,0.64457767268291,0.7957432715193172,daily,,,,,,,,,,,0.0,0.0,2026-03-07
2026-03-07,workload_expected_from_service,entrega,5,10,3,2026,7,1,0,1,0,0,0,0,0,0,60.0,26.0,-4,0,0,95,,,,fallback_empty,1,,,,,,,2.7840349528334154,6.788979487332261,7.448333274162617,13.390516867500748,3.3798321899588952,10.63510063933014,9.17531898619057,15.01195233882626,1900.3127447561112,7731.44397533078,3.548850707761885e-07,0.7226539261349688,1.4195402831047534e-07,3.236551845478836e-05,8.09137961369709e-06,0.7544845171314947,0.0004154923431633,0.0165924850343148,0.6517714927374656,0.7957432715193172,daily,,,,,,,,,,,0.0,0.0,2026-03-07
2026-03-07,workload_expected_from_service,mixto,5,10,3,2026,7,1,0,1,0,0,0,0,0,0,60.0,26.0,-4,0,0,95,,,,fallback_empty,1,,,,,,,1.4249154739010963,2.7018119648261605,5.5730116108654,36.9575911609021,1.0000053942530756,2.343516597284008,8.332062015253047,33.262114442773544,370.34368035852,2005.5368241379508,5.058353441397259,29.33566837654068,0.6435152989155777,0.8076180542493959,4.061862138293275,14.314015079357407,190.90519117901948,190.90519117901948,0.6428423857367842,0.7957432715193172,daily,,,,,,,,,,,0.0,0.0,2026-03-07
2026-03-07,workload_expected_from_service,recogida,5,10,3,2026,7,1,0,1,0,0,0,0,0,0,60.0,26.0,-4,0,0,95,,,,fallback_empty,1,,,,,,,0.8827020294362213,1.4534009374070582,3.1229886228304565e-07,0.000112874745611,8.09137961369709e-06,8.260566815437104e-05,8.09137961369709e-06,7.929552021423174e-05,0.000451768695098,0.020978905428021,3.663823514531107,13.900925505684851,0.9068535393820836,2.9850981705095903,4.268463533534302,12.892470629105656,1444.4224937286515,9173.40468555071,0.6208009707430535,0.7441354432794877,daily,,,,,,,,,,,0.0,0.0,2026-03-07
2026-03-08,service,desconocida,6,10,3,2026,8,2,0,1,0,0,0,0,0,0,61.0,25.0,-4,0,0,95,,,,fallback_empty,1,,,,,,,1.2582268140643953,1.6562951533223575,0.0025749852308595,0.0025749852308595,1.2325037420142628,2.52138043748429,1.1524443521801393,20.957693722503063,-262.6320477129696,-98.83982423841218,9.899425658493686e-07,4.3499256803235745e-05,10.555666759989926,39.67854366847847,4.252796391535223,10.906442181646916,246.07856372744533,1406.351070637032,0.447603892524026,0.6320638566872174,daily,,,,,,,,,,,,,
2026-03-08,service,entrega,6,10,3,2026,8,2,0,1,0,0,0,0,0,0,61.0,25.0,-4,0,0,95,,,,fallback_empty,1,,,,,,,1.91930841403627,3.671140032726979,5.153148643131032,5.153148643131032,0.7876154649817728,2.4722515375266263,4.570469475899845,6.8116861285306385,1134.5140485154016,4808.78352888831,3.548850707761885e-07,0.7226539261349688,1.4195402831047534e-07,3.236551845478836e-05,8.09137961369709e-06,0.7544845171314947,0.0004154923431633,0.0165924850343148,0.4723000449201876,0.6320638566872174,daily,,,,,,,,,,,,,
2026-03-08,service,mixto,6,10,3,2026,8,2,0,1,0,0,0,0,0,0,61.0,25.0,-4,0,0,95,,,,fallback_empty,1,,,,,,,1.4358432909934238,2.591982300541253,5.950805137071191,36.82336257459091,1.0000053942530756,1.0000053942530756,5.426539243907011,27.945253899554324,61.39517860857879,1034.616627820976,5.594413599540405,32.752058140957736,0.6313545485081808,0.8076180542493959,4.43421870017889,22.405246963961147,662.4304740726885,2225.292364458487,0.446262756910711,0.6320638566872174,daily,,,,,,,,,,,,,
2026-03-08,service,recogida,6,10,3,2026,8,2,0,1,0,0,0,0,0,0,61.0,25.0,-4,0,0,95,,,,fallback_empty,1,,,,,,,1.1037006966734777,1.6830457135972174,3.1229886228304565e-07,0.000112874745611,8.09137961369709e-06,8.260566815437104e-05,8.09137961369709e-06,7.929552021423174e-05,0.000451768695098,0.020978905428021,3.121570094708939,14.652048330179955,0.8372434814843286,3.3626439086258224,9.972980573002816,21.116373664554533,3169.832435717872,14872.728843505784,0.4178685072493026,0.5590267640733733,daily,,,,,,,,,,,,,
2026-03-08,workload,ALL,6,10,3,2026,8,2,0,1,0,0,0,0,0,0,61.0,25.0,-4,0,0,95,,,,fallback_empty,1,,,,,,,,,,,,,,,,,,,,,,,,,,,daily,274.57126275169287,274.57126275169287,11886.641872024016,13923.53285560082,74.65599751668245,79.95068621759394,0.0,0.0,274.57126275169287,274.57126275169287,,,
2026-03-08,workload_expected_from_service,desconocida,6,10,3,2026,8,2,0,1,0,0,0,0,0,0,61.0,25.0,-4,0,0,95,,,,fallback_empty,1,,,,,,,1.2582268140643953,1.6562951533223575,0.0025749852308595,0.0025749852308595,1.2325037420142628,2.52138043748429,1.1524443521801393,20.957693722503063,-262.6320477129696,-98.83982423841218,9.899425658493686e-07,4.3499256803235745e-05,10.555666759989926,39.67854366847847,4.252796391535223,10.906442181646916,246.07856372744533,1406.351070637032,0.447603892524026,0.6320638566872174,daily,,,,,,,,,,,0.0,0.0,2026-03-08
2026-03-08,workload_expected_from_service,entrega,6,10,3,2026,8,2,0,1,0,0,0,0,0,0,61.0,25.0,-4,0,0,95,,,,fallback_empty,1,,,,,,,1.91930841403627,3.671140032726979,5.153148643131032,5.153148643131032,0.7876154649817728,2.4722515375266263,4.570469475899845,6.8116861285306385,1134.5140485154016,4808.78352888831,3.548850707761885e-07,0.7226539261349688,1.4195402831047534e-07,3.236551845478836e-05,8.09137961369709e-06,0.7544845171314947,0.0004154923431633,0.0165924850343148,0.4723000449201876,0.6320638566872174,daily,,,,,,,,,,,0.0,0.0,2026-03-08
2026-03-08,workload_expected_from_service,mixto,6,10,3,2026,8,2,0,1,0,0,0,0,0,0,61.0,25.0,-4,0,0,95,,,,fallback_empty,1,,,,,,,1.4358432909934238,2.591982300541253,5.950805137071191,36.82336257459091,1.0000053942530756,1.0000053942530756,5.426539243907011,27.945253899554324,61.39517860857879,1034.616627820976,5.594413599540405,32.752058140957736,0.6313545485081808,0.8076180542493959,4.43421870017889,22.405246963961147,662.4304740726885,2225.292364458487,0.446262756910711,0.6320638566872174,daily,,,,,,,,,,,0.0,0.0,2026-03-08
2026-03-08,workload_expected_from_service,recogida,6,10,3,2026,8,2,0,1,0,0,0,0,0,0,61.0,25.0,-4,0,0,95,,,,fallback_empty,1,,,,,,,1.1037006966734777,1.6830457135972174,3.1229886228304565e-07,0.000112874745611,8.09137961369709e-06,8.260566815437104e-05,8.09137961369709e-06,7.929552021423174e-05,0.000451768695098,0.020978905428021,3.121570094708939,14.652048330179955,0.8372434814843286,3.3626439086258224,9.972980573002816,21.116373664554533,3169.832435717872,14872.728843505784,0.4178685072493026,0.5590267640733733,daily,,,,,,,,,,,0.0,0.0,2026-03-08
2026-03-09,service,desconocida,0,11,3,2026,9,2,0,0,0,0,0,0,0,0,62.0,24.0,-4,0,0,95,,,,fallback_empty,1,,,,,,,2.4272972002346394,5.041078146173003,0.0025749852308595,0.0025749852308595,3.0288569908510556,14.195638348791295,7.414389680047025,32.33887844816426,110.66473849509796,1052.3050355661385,9.899425658493686e-07,4.3499256803235745e-05,23.460586227494545,55.355959708295885,7.529802249875687,18.575068261430165,260.86756546550225,1094.0954852642735,0.8959947830624039,0.8959947830624039,daily,,,,,,,,,,,,,
2026-03-09,service,entrega,0,11,3,2026,9,2,0,0,0,0,0,0,0,0,62.0,24.0,-4,0,0,95,,,,fallback_empty,1,,,,,,,16.572974766452656,24.499843343915067,37.35808376497949,110.70767432636517,27.19368781436541,53.26798625708464,29.4325114563662,60.087911276573216,4646.45812546181,16228.635757677212,3.548850707761885e-07,0.7226539261349688,1.4195402831047534e-07,3.236551845478836e-05,8.09137961369709e-06,6.068534710272823e-05,0.0004154923431633,0.0165924850343148,0.8959947830624039,0.8959947830624039,daily,,,,,,,,,,,,,
2026-03-09,service,mixto,0,11,3,2026,9,2,0,0,0,0,0,0,0,0,62.0,24.0,-4,0,0,95,,,,fallback_empty,1,,,,,,,1.6805661299923724,3.0213332063735,4.270685522707062,16.91199836108219,1.0000053942530756,1.2742137111196945,13.639007362126474,51.02196747017311,1358.934759890008,3026.128491028247,4.610355095378746,23.096088684945364,6.790088823782588,6.790088823782588,7.619767168146735,44.160776049292906,1187.4761576284864,3036.441484361954,0.8946686680287234,0.8946686680287234,daily,,,,,,,,,,,,,
2026-03-09,service,recogida,0,11,3,2026,9,2,0,0,0,0,0,0,0,0,62.0,24.0,-4,0,0,95,,,,fallback_empty,1,,,,,,,3.856930468228884,9.08508553755495,3.1229886228304565e-07,0.000112874745611,8.09137961369709e-06,8.260566815437104e-05,8.09137961369709e-06,7.929552021423174e-05,0.000451768695098,0.020978905428021,3.918046916675951,10.7842098008183,4.221619884312072,9.90797579207067,19.411107673495984,42.91745445583339,5898.293362396025,19369.400819013168,0.8959947830624039,0.8959947830624039,daily,,,,,,,,,,,,,
2026-03-09,workload,ALL,0,11,3,2026,9,2,0,0,0,0,0,0,0,0,62.0,24.0,-4,0,0,95,,,,fallback_empty,1,,,,,,,,,,,,,,,,,,,,,,,,,,,daily,274.82178103861946,274.82178103861946,11418.571397444666,12483.853575172372,72.26232826307343,78.10253370746065,0.0,0.0,274.82178103861946,274.82178103861946,,,
2026-03-09,workload_expected_from_service,desconocida,0,11,3,2026,9,2,0,0,0,0,0,0,0,0,62.0,24.0,-4,0,0,95,,,,fallback_empty,1,,,,,,,2.4272972002346394,5.041078146173003,0.0025749852308595,0.0025749852308595,3.0288569908510556,14.195638348791295,7.414389680047025,32.33887844816426,110.66473849509796,1052.3050355661385,9.899425658493686e-07,4.3499256803235745e-05,23.460586227494545,55.355959708295885,7.529802249875687,18.575068261430165,260.86756546550225,1094.0954852642735,0.8959947830624039,0.8959947830624039,daily,,,,,,,,,,,0.0,0.0,2026-03-09
2026-03-09,workload_expected_from_service,entrega,0,11,3,2026,9,2,0,0,0,0,0,0,0,0,62.0,24.0,-4,0,0,95,,,,fallback_empty,1,,,,,,,16.572974766452656,24.499843343915067,37.35808376497949,110.70767432636517,27.19368781436541,53.26798625708464,29.4325114563662,60.087911276573216,4646.45812546181,16228.635757677212,3.548850707761885e-07,0.7226539261349688,1.4195402831047534e-07,3.236551845478836e-05,8.09137961369709e-06,6.068534710272823e-05,0.0004154923431633,0.0165924850343148,0.8959947830624039,0.8959947830624039,daily,,,,,,,,,,,0.0,0.0,2026-03-09
2026-03-09,workload_expected_from_service,mixto,0,11,3,2026,9,2,0,0,0,0,0,0,0,0,62.0,24.0,-4,0,0,95,,,,fallback_empty,1,,,,,,,1.6805661299923724,3.0213332063735,4.270685522707062,16.91199836108219,1.0000053942530756,1.2742137111196945,13.639007362126474,51.02196747017311,1358.934759890008,3026.128491028247,4.610355095378746,23.096088684945364,6.790088823782588,6.790088823782588,7.619767168146735,44.160776049292906,1187.4761576284864,3036.441484361954,0.8946686680287234,0.8946686680287234,daily,,,,,,,,,,,0.0,0.0,2026-03-09
2026-03-09,workload_expected_from_service,recogida,0,11,3,2026,9,2,0,0,0,0,0,0,0,0,62.0,24.0,-4,0,0,95,,,,fallback_empty,1,,,,,,,3.856930468228884,9.08508553755495,3.1229886228304565e-07,0.000112874745611,8.09137961369709e-06,8.260566815437104e-05,8.09137961369709e-06,7.929552021423174e-05,0.000451768695098,0.020978905428021,3.918046916675951,10.7842098008183,4.221619884312072,9.90797579207067,19.411107673495984,42.91745445583339,5898.293362396025,19369.400819013168,0.8959947830624039,0.8959947830624039,daily,,,,,,,,,,,0.0,0.0,2026-03-09
2026-03-10,service,desconocida,1,11,3,2026,10,2,0,0,0,0,0,0,0,0,63.0,23.0,-4,0,0,95,,,,fallback_empty,1,,,,,,,2.577531603052763,7.635122388322015,0.0025749852308595,0.0025749852308595,2.8155404489448954,22.851153918909493,7.28318924799011,35.612998537877274,407.2313957431443,987.9014388281652,9.899425658493686e-07,4.3499256803235745e-05,22.54867078598814,53.74063614887163,7.501441828941239,17.76196911389931,116.642688290574,1306.802630986243,0.8758527001245079,0.8954494905180531,daily,,,,,,,,,,,,,
2026-03-10,service,entrega,1,11,3,2026,10,2,0,0,0,0,0,0,0,0,63.0,23.0,-4,0,0,95,,,,fallback_empty,1,,,,,,,16.208135692256114,29.74636232802179,30.87687010368973,85.97527523735303,28.992846749360503,64.72341205118981,30.033466165183743,66.35884917223166,5152.352313596228,17830.597321257035,3.548850707761885e-07,0.7226539261349688,1.4195402831047534e-07,3.236551845478836e-05,8.09137961369709e-06,6.068534710272823e-05,0.0004154923431633,0.0165924850343148,0.8758527001245079,0.8954494905180531,daily,,,,,,,,,,,,,
2026-03-10,service,mixto,1,11,3,2026,10,2,0,0,0,0,0,0,0,0,63.0,23.0,-4,0,0,95,,,,fallback_empty,1,,,,,,,1.5638314316702095,3.709652694053328,4.745491047156079,16.658265317855317,1.0000053942530756,10.548147027973643,15.654480656210117,53.6258591476151,1285.2141438314634,3810.2262001178046,5.081486893720139,23.096088684945364,6.088890167476246,6.088890167476246,7.405153085365046,29.678827416139637,691.4253749887051,1477.5245533723894,0.8745265850908274,0.8954494905180531,daily,,,,,,,,,,,,,
2026-03-10,service,recogida,1,11,3,2026,10,2,0,0,0,0,0,0,0,0,63.0,23.0,-4,0,0,95,,,,fallback_empty,1,,,,,,,3.09178157761821,10.686375078996928,3.1229886228304565e-07,0.000112874745611,8.09137961369709e-06,8.260566815437104e-05,8.09137961369709e-06,7.929552021423174e-05,0.000451768695098,0.020978905428021,4.836628213970061,11.351035304606604,2.55344413142797,9.987911745337168,11.867443689640384,26.233930102701137,3257.2905704822897,12024.392691919104,0.8758527001245079,0.8954494905180531,daily,,,,,,,,,,,,,
2026-03-10,workload,ALL,1,11,3,2026,10,2,0,0,0,0,0,0,0,0,63.0,23.0,-4,0,0,95,,,,fallback_empty,1,,,,,,,,,,,,,,,,,,,,,,,,,,,daily,274.75203027713565,274.75203027713565,11523.626414547743,13398.986025828806,75.2850149597783,80.47858893905637,0.0,0.0,274.75203027713565,274.75203027713565,,,
2026-03-10,workload_expected_from_service,desconocida,1,11,3,2026,10,2,0,0,0,0,0,0,0,0,63.0,23.0,-4,0,0,95,,,,fallback_empty,1,,,,,,,2.577531603052763,7.635122388322015,0.0025749852308595,0.0025749852308595,2.8155404489448954,22.851153918909493,7.28318924799011,35.612998537877274,407.2313957431443,987.9014388281652,9.899425658493686e-07,4.3499256803235745e-05,22.54867078598814,53.74063614887163,7.501441828941239,17.76196911389931,116.642688290574,1306.802630986243,0.8758527001245079,0.8954494905180531,daily,,,,,,,,,,,0.0,0.0,2026-03-10
2026-03-10,workload_expected_from_service,entrega,1,11,3,2026,10,2,0,0,0,0,0,0,0,0,63.0,23.0,-4,0,0,95,,,,fallback_empty,1,,,,,,,16.208135692256114,29.74636232802179,30.87687010368973,85.97527523735303,28.992846749360503,64.72341205118981,30.033466165183743,66.35884917223166,5152.352313596228,17830.597321257035,3.548850707761885e-07,0.7226539261349688,1.4195402831047534e-07,3.236551845478836e-05,8.09137961369709e-06,6.068534710272823e-05,0.0004154923431633,0.0165924850343148,0.8758527001245079,0.8954494905180531,daily,,,,,,,,,,,0.0,0.0,2026-03-10
2026-03-10,workload_expected_from_service,mixto,1,11,3,2026,10,2,0,0,0,0,0,0,0,0,63.0,23.0,-4,0,0,95,,,,fallback_empty,1,,,,,,,1.5638314316702095,3.709652694053328,4.745491047156079,16.658265317855317,1.0000053942530756,10.548147027973643,15.654480656210117,53.6258591476151,1285.2141438314634,3810.2262001178046,5.081486893720139,23.096088684945364,6.088890167476246,6.088890167476246,7.405153085365046,29.678827416139637,691.4253749887051,1477.5245533723894,0.8745265850908274,0.8954494905180531,daily,,,,,,,,,,,0.0,0.0,2026-03-10
2026-03-10,workload_expected_from_service,recogida,1,11,3,2026,10,2,0,0,0,0,0,0,0,0,63.0,23.0,-4,0,0,95,,,,fallback_empty,1,,,,,,,3.09178157761821,10.686375078996928,3.1229886228304565e-07,0.000112874745611,8.09137961369709e-06,8.260566815437104e-05,8.09137961369709e-06,7.929552021423174e-05,0.000451768695098,0.020978905428021,4.836628213970061,11.351035304606604,2.55344413142797,9.987911745337168,11.867443689640384,26.233930102701137,3257.2905704822897,12024.392691919104,0.8758527001245079,0.8954494905180531,daily,,,,,,,,,,,0.0,0.0,2026-03-10
2026-03-11,service,desconocida,2,11,3,2026,11,2,0,0,0,0,0,0,0,0,64.0,22.0,-4,0,0,95,,,,fallback_empty,1,,,,,,,3.194287881134927,9.36295276592618,0.0025749852308595,0.0025749852308595,2.9208630367769115,21.653442999892093,8.55435352271069,45.53379207584256,493.88102436296384,1244.5276201613558,9.899425658493686e-07,4.3499256803235745e-05,22.512669758266608,56.00908074455862,9.77908263191319,20.39659756924789,109.95369170339544,1474.3040746738654,0.8796509541489754,0.8796509541489754,daily,,,,,,,,,,,,,
2026-03-11,service,entrega,2,11,3,2026,11,2,0,0,0,0,0,0,0,0,64.0,22.0,-4,0,0,95,,,,fallback_empty,1,,,,,,,16.802799479844136,29.511744509323695,34.63013908917816,82.74326871810268,32.61367037761429,62.41293681355098,31.838477276405495,69.72413192951493,6716.765296639309,15756.16082667159,3.548850707761885e-07,0.7226539261349688,1.4195402831047534e-07,3.236551845478836e-05,8.09137961369709e-06,6.068534710272823e-05,0.0004154923431633,0.0165924850343148,0.8796509541489754,0.8796509541489754,daily,,,,,,,,,,,,,
2026-03-11,service,mixto,2,11,3,2026,11,2,0,0,0,0,0,0,0,0,64.0,22.0,-4,0,0,95,,,,fallback_empty,1,,,,,,,1.944076849863724,4.140284778529862,4.793195001024046,16.658265317855317,1.0000053942530756,10.405431557004205,17.16131843090877,61.94696883660846,1070.272979315428,3154.0141662071005,5.180651161100262,22.91375489157565,6.014227098507722,6.014227098507722,11.109768872216137,29.40757610286978,841.9705806704674,1567.364411226605,0.8798324579759245,0.8798324579759245,daily,,,,,,,,,,,,,
2026-03-11,service,recogida,2,11,3,2026,11,2,0,0,0,0,0,0,0,0,64.0,22.0,-4,0,0,95,,,,fallback_empty,1,,,,,,,3.866294001578368,11.029782883022897,3.1229886228304565e-07,0.000112874745611,8.09137961369709e-06,8.260566815437104e-05,8.09137961369709e-06,7.929552021423174e-05,0.000451768695098,0.020978905428021,11.645565178747592,14.66182747254832,2.5680163588137535,10.205732373456785,12.381031089681883,26.00867178857142,3781.5524854115,12140.799246249017,0.8781591158373878,0.8781591158373878,daily,,,,,,,,,,,,,
2026-03-11,workload,ALL,2,11,3,2026,11,2,0,0,0,0,0,0,0,0,64.0,22.0,-4,0,0,95,,,,fallback_empty,1,,,,,,,,,,,,,,,,,,,,,,,,,,,daily,274.4761489225798,274.4761489225798,11565.07717140963,13006.534575262722,75.21688840014293,79.59540464630985,0.0,0.0,274.4761489225798,274.4761489225798,,,
2026-03-11,workload_expected_from_service,desconocida,2,11,3,2026,11,2,0,0,0,0,0,0,0,0,64.0,22.0,-4,0,0,95,,,,fallback_empty,1,,,,,,,3.194287881134927,9.36295276592618,0.0025749852308595,0.0025749852308595,2.9208630367769115,21.653442999892093,8.55435352271069,45.53379207584256,493.88102436296384,1244.5276201613558,9.899425658493686e-07,4.3499256803235745e-05,22.512669758266608,56.00908074455862,9.77908263191319,20.39659756924789,109.95369170339544,1474.3040746738654,0.8796509541489754,0.8796509541489754,daily,,,,,,,,,,,0.0,0.0,2026-03-11
2026-03-11,workload_expected_from_service,entrega,2,11,3,2026,11,2,0,0,0,0,0,0,0,0,64.0,22.0,-4,0,0,95,,,,fallback_empty,1,,,,,,,16.802799479844136,29.511744509323695,34.63013908917816,82.74326871810268,32.61367037761429,62.41293681355098,31.838477276405495,69.72413192951493,6716.765296639309,15756.16082667159,3.548850707761885e-07,0.7226539261349688,1.4195402831047534e-07,3.236551845478836e-05,8.09137961369709e-06,6.068534710272823e-05,0.0004154923431633,0.0165924850343148,0.8796509541489754,0.8796509541489754,daily,,,,,,,,,,,0.0,0.0,2026-03-11
2026-03-11,workload_expected_from_service,mixto,2,11,3,2026,11,2,0,0,0,0,0,0,0,0,64.0,22.0,-4,0,0,95,,,,fallback_empty,1,,,,,,,1.944076849863724,4.140284778529862,4.793195001024046,16.658265317855317,1.0000053942530756,10.405431557004205,17.16131843090877,61.94696883660846,1070.272979315428,3154.0141662071005,5.180651161100262,22.91375489157565,6.014227098507722,6.014227098507722,11.109768872216137,29.40757610286978,841.9705806704674,1567.364411226605,0.8798324579759245,0.8798324579759245,daily,,,,,,,,,,,0.0,0.0,2026-03-11
2026-03-11,workload_expected_from_service,recogida,2,11,3,2026,11,2,0,0,0,0,0,0,0,0,64.0,22.0,-4,0,0,95,,,,fallback_empty,1,,,,,,,3.866294001578368,11.029782883022897,3.1229886228304565e-07,0.000112874745611,8.09137961369709e-06,8.260566815437104e-05,8.09137961369709e-06,7.929552021423174e-05,0.000451768695098,0.020978905428021,11.645565178747592,14.66182747254832,2.5680163588137535,10.205732373456785,12.381031089681883,26.00867178857142,3781.5524854115,12140.799246249017,0.8781591158373878,0.8781591158373878,daily,,,,,,,,,,,0.0,0.0,2026-03-11
2026-03-12,service,desconocida,3,11,3,2026,12,2,0,0,0,0,0,0,0,0,65.0,21.0,-3,0,0,95,,,,fallback_empty,1,,,,,,,3.5409266434989597,4.756875563068643,0.0025749852308595,0.0025749852308595,2.854062003646115,10.91940334262982,8.03253709194777,16.124648392671325,91.23671814159432,584.9050612820531,9.899425658493686e-07,4.3499256803235745e-05,30.79315453257593,62.814280334184275,9.365413477495824,15.340024126110247,65.07341033670767,787.4406878735631,0.8761030996045257,0.8761030996045257,daily,,,,,,,,,,,,,
2026-03-12,service,entrega,3,11,3,2026,12,2,0,0,0,0,0,0,0,0,65.0,21.0,-3,0,0,95,,,,fallback_empty,1,,,,,,,17.25639081022393,25.832187173978483,31.600576175200807,65.89434723561028,34.82663918092511,44.55567480194443,31.14077781508206,57.6516851961332,6365.29332206654,13785.954047633517,3.548850707761885e-07,4.3499256803235745e-05,1.4195402831047534e-07,3.236551845478836e-05,8.09137961369709e-06,6.068534710272823e-05,0.0004154923431633,0.0165924850343148,0.8761030996045257,0.8761030996045257,daily,,,,,,,,,,,,,
2026-03-12,service,mixto,3,11,3,2026,12,2,0,0,0,0,0,0,0,0,65.0,21.0,-3,0,0,95,,,,fallback_empty,1,,,,,,,2.001798470239351,3.4980045411967624,5.634396891991933,37.41277081382416,1.0000053942530756,1.788811687521657,15.965265703403054,30.41197256948005,977.1982409091504,1958.67415853024,6.235515747515087,34.251939137521134,14.30617600021158,14.30617600021158,10.630277373213874,21.94671710276505,888.1208303753469,1066.2705230006925,0.8762846034314747,0.8762846034314747,daily,,,,,,,,,,,,,
2026-03-12,service,recogida,3,11,3,2026,12,2,0,0,0,0,0,0,0,0,65.0,21.0,-3,0,0,95,,,,fallback_empty,1,,,,,,,3.9063176454498976,8.148385987047781,3.1229886228304565e-07,0.000112874745611,8.09137961369709e-06,8.260566815437104e-05,8.09137961369709e-06,7.929552021423174e-05,0.000451768695098,0.020978905428021,9.255869378984842,9.709520293271156,2.399878141386187,9.805723184572578,12.45192089558146,20.656113370799417,4287.471934906033,10271.573471240696,0.876343309154498,0.876343309154498,daily,,,,,,,,,,,,,
2026-03-12,workload,ALL,3,11,3,2026,12,2,0,0,0,0,0,0,0,0,65.0,21.0,-3,0,0,95,,,,fallback_empty,1,,,,,,,,,,,,,,,,,,,,,,,,,,,daily,274.30634674715594,274.30634674715594,11784.875543802851,13223.001629600763,74.31571926967304,79.70306114570222,0.0,0.0,274.30634674715594,274.30634674715594,,,
2026-03-12,workload_expected_from_service,desconocida,3,11,3,2026,12,2,0,0,0,0,0,0,0,0,65.0,21.0,-3,0,0,95,,,,fallback_empty,1,,,,,,,3.5409266434989597,4.756875563068643,0.0025749852308595,0.0025749852308595,2.854062003646115,10.91940334262982,8.03253709194777,16.124648392671325,91.23671814159432,584.9050612820531,9.899425658493686e-07,4.3499256803235745e-05,30.79315453257593,62.814280334184275,9.365413477495824,15.340024126110247,65.07341033670767,787.4406878735631,0.8761030996045257,0.8761030996045257,daily,,,,,,,,,,,0.0,0.0,2026-03-12
2026-03-12,workload_expected_from_service,entrega,3,11,3,2026,12,2,0,0,0,0,0,0,0,0,65.0,21.0,-3,0,0,95,,,,fallback_empty,1,,,,,,,17.25639081022393,25.832187173978483,31.600576175200807,65.89434723561028,34.82663918092511,44.55567480194443,31.14077781508206,57.6516851961332,6365.29332206654,13785.954047633517,3.548850707761885e-07,4.3499256803235745e-05,1.4195402831047534e-07,3.236551845478836e-05,8.09137961369709e-06,6.068534710272823e-05,0.0004154923431633,0.0165924850343148,0.8761030996045257,0.8761030996045257,daily,,,,,,,,,,,0.0,0.0,2026-03-12
2026-03-12,workload_expected_from_service,mixto,3,11,3,2026,12,2,0,0,0,0,0,0,0,0,65.0,21.0,-3,0,0,95,,,,fallback_empty,1,,,,,,,2.001798470239351,3.4980045411967624,5.634396891991933,37.41277081382416,1.0000053942530756,1.788811687521657,15.965265703403054,30.41197256948005,977.1982409091504,1958.67415853024,6.235515747515087,34.251939137521134,14.30617600021158,14.30617600021158,10.630277373213874,21.94671710276505,888.1208303753469,1066.2705230006925,0.8762846034314747,0.8762846034314747,daily,,,,,,,,,,,0.0,0.0,2026-03-12
2026-03-12,workload_expected_from_service,recogida,3,11,3,2026,12,2,0,0,0,0,0,0,0,0,65.0,21.0,-3,0,0,95,,,,fallback_empty,1,,,,,,,3.9063176454498976,8.148385987047781,3.1229886228304565e-07,0.000112874745611,8.09137961369709e-06,8.260566815437104e-05,8.09137961369709e-06,7.929552021423174e-05,0.000451768695098,0.020978905428021,9.255869378984842,9.709520293271156,2.399878141386187,9.805723184572578,12.45192089558146,20.656113370799417,4287.471934906033,10271.573471240696,0.876343309154498,0.876343309154498,daily,,,,,,,,,,,0.0,0.0,2026-03-12
2026-03-13,service,desconocida,4,11,3,2026,13,2,0,0,0,0,0,0,0,0,66.0,20.0,-3,0,0,95,,,,fallback_empty,1,,,,,,,2.616182083330728,4.6907045579888305,0.0025749852308595,0.0025749852308595,2.482566944858656,6.493114563348516,7.381160846503958,8.11217032865935,236.2835930579978,363.6055966550847,9.899425658493686e-07,4.3499256803235745e-05,29.662205271228103,69.15078262563787,11.451941230644222,14.645539630608498,522.7792443376434,729.0966000716223,0.8332351901047759,0.8332351901047759,daily,,,,,,,,,,,,,
2026-03-13,service,entrega,4,11,3,2026,13,2,0,0,0,0,0,0,0,0,66.0,20.0,-3,0,0,95,,,,fallback_empty,1,,,,,,,16.930797920414232,30.019187330939,42.32164157761019,67.30012208472789,33.09752504010086,58.98056091194795,33.430170123232486,45.86887943120341,7082.359213837401,10348.206419108112,3.548850707761885e-07,0.1650434992568039,1.4195402831047534e-07,0.7496882757759993,8.09137961369709e-06,6.068534710272823e-05,0.0004154923431633,0.0165924850343148,0.8332351901047759,0.8332351901047759,daily,,,,,,,,,,,,,
2026-03-13,service,mixto,4,11,3,2026,13,2,0,0,0,0,0,0,0,0,66.0,20.0,-3,0,0,95,,,,fallback_empty,1,,,,,,,1.82321466714312,3.5768376582488415,6.3778345827174086,37.41277081382416,1.0000053942530756,2.2648929610793855,13.34085030626184,18.49484123274711,1673.1369341393686,1673.1369341393686,6.278636968772056,34.251939137521134,13.091123896174045,13.091123896174045,12.477643361472294,21.688271508896513,1245.2508169399196,1245.2508169399196,0.8334166939317249,0.8334166939317249,daily,,,,,,,,,,,,,
2026-03-13,service,recogida,4,11,3,2026,13,2,0,0,0,0,0,0,0,0,66.0,20.0,-3,0,0,95,,,,fallback_empty,1,,,,,,,3.156979158087448,6.930867890009518,3.1229886228304565e-07,0.000112874745611,8.09137961369709e-06,8.260566815437104e-05,8.09137961369709e-06,7.929552021423174e-05,0.000451768695098,0.020978905428021,9.41984016864685,9.41984016864685,3.851234112113294,6.883526339755347,12.531934287762724,19.310990254235588,4566.704633619848,9200.805246970893,0.8334753996547482,0.8334753996547482,daily,,,,,,,,,,,,,
2026-03-13,workload,ALL,4,11,3,2026,13,2,0,0,0,0,0,0,0,0,66.0,20.0,-3,0,0,95,,,,fallback_empty,1,,,,,,,,,,,,,,,,,,,,,,,,,,,daily,274.18576248761696,274.18576248761696,11054.52175777573,12960.215337738318,74.03333584896282,79.55086637710643,0.0,0.0,274.18576248761696,274.18576248761696,,,
2026-03-13,workload_expected_from_service,desconocida,4,11,3,2026,13,2,0,0,0,0,0,0,0,0,66.0,20.0,-3,0,0,95,,,,fallback_empty,1,,,,,,,2.616182083330728,4.6907045579888305,0.0025749852308595,0.0025749852308595,2.482566944858656,6.493114563348516,7.381160846503958,8.11217032865935,236.2835930579978,363.6055966550847,9.899425658493686e-07,4.3499256803235745e-05,29.662205271228103,69.15078262563787,11.451941230644222,14.645539630608498,522.7792443376434,729.0966000716223,0.8332351901047759,0.8332351901047759,daily,,,,,,,,,,,0.0,0.0,2026-03-13
2026-03-13,workload_expected_from_service,entrega,4,11,3,2026,13,2,0,0,0,0,0,0,0,0,66.0,20.0,-3,0,0,95,,,,fallback_empty,1,,,,,,,16.930797920414232,30.019187330939,42.32164157761019,67.30012208472789,33.09752504010086,58.98056091194795,33.430170123232486,45.86887943120341,7082.359213837401,10348.206419108112,3.548850707761885e-07,0.1650434992568039,1.4195402831047534e-07,0.7496882757759993,8.09137961369709e-06,6.068534710272823e-05,0.0004154923431633,0.0165924850343148,0.8332351901047759,0.8332351901047759,daily,,,,,,,,,,,0.0,0.0,2026-03-13
2026-03-13,workload_expected_from_service,mixto,4,11,3,2026,13,2,0,0,0,0,0,0,0,0,66.0,20.0,-3,0,0,95,,,,fallback_empty,1,,,,,,,1.82321466714312,3.5768376582488415,6.3778345827174086,37.41277081382416,1.0000053942530756,2.2648929610793855,13.34085030626184,18.49484123274711,1673.1369341393686,1673.1369341393686,6.278636968772056,34.251939137521134,13.091123896174045,13.091123896174045,12.477643361472294,21.688271508896513,1245.2508169399196,1245.2508169399196,0.8334166939317249,0.8334166939317249,daily,,,,,,,,,,,0.0,0.0,2026-03-13
2026-03-13,workload_expected_from_service,recogida,4,11,3,2026,13,2,0,0,0,0,0,0,0,0,66.0,20.0,-3,0,0,95,,,,fallback_empty,1,,,,,,,3.156979158087448,6.930867890009518,3.1229886228304565e-07,0.000112874745611,8.09137961369709e-06,8.260566815437104e-05,8.09137961369709e-06,7.929552021423174e-05,0.000451768695098,0.020978905428021,9.41984016864685,9.41984016864685,3.851234112113294,6.883526339755347,12.531934287762724,19.310990254235588,4566.704633619848,9200.805246970893,0.8334753996547482,0.8334753996547482,daily,,,,,,,,,,,0.0,0.0,2026-03-13
2026-03-14,service,desconocida,5,11,3,2026,14,2,0,1,0,0,0,0,0,0,67.0,19.0,-3,0,0,95,,,,fallback_empty,1,,,,,,,3.1764466886434537,4.039477337781674,0.0025749852308595,0.0025749852308595,3.3291918768481614,6.56629489526213,7.124475993384747,7.124475993384747,292.0376239625366,292.0376239625366,9.899425658493686e-07,4.3499256803235745e-05,32.4070988034762,70.33186608127708,13.682212140037327,13.682212140037327,452.50036609145826,452.50036609145826,0.6026459533453215,0.7350107196370291,daily,,,,,,,,,,,,,
2026-03-14,service,entrega,5,11,3,2026,14,2,0,1,0,0,0,0,0,0,67.0,19.0,-3,0,0,95,,,,fallback_empty,1,,,,,,,3.1477172009341268,8.381981857884883,13.516604753612864,14.29032917893706,8.744750427983288,11.711160554577098,6.8443536329492325,10.747644409867418,2474.338791176569,3417.8145237321105,3.548850707761885e-07,4.3499256803235745e-05,1.4195402831047534e-07,3.236551845478836e-05,8.09137961369709e-06,6.068534710272823e-05,0.0004154923431633,0.0165924850343148,0.609839773399877,0.7350107196370291,daily,,,,,,,,,,,,,
2026-03-14,service,mixto,5,11,3,2026,14,2,0,1,0,0,0,0,0,0,67.0,19.0,-3,0,0,95,,,,fallback_empty,1,,,,,,,1.999059269882555,3.176877976290237,6.407255288814604,37.41277081382416,1.0000053942530756,3.7954682571885936,12.108343293376665,12.839566359648222,1259.035173614403,1259.035173614403,6.428891855091964,34.251939137521134,13.140935839949472,13.140935839949472,11.857591517700849,14.947436748926284,1261.4787126854255,1261.4787126854255,0.6028274571722705,0.7350107196370291,daily,,,,,,,,,,,,,
2026-03-14,service,recogida,5,11,3,2026,14,2,0,1,0,0,0,0,0,0,67.0,19.0,-3,0,0,95,,,,fallback_empty,1,,,,,,,1.203776902243899,2.880694335058878,3.1229886228304565e-07,0.000112874745611,8.09137961369709e-06,8.260566815437104e-05,8.09137961369709e-06,7.929552021423174e-05,0.000451768695098,0.020978905428021,5.3458192237885225,10.302867672201351,1.256177045618449,4.39627247027101,6.653642517834275,11.16506054436307,3881.27175054924,8759.067321317767,0.5806012992670251,0.6834028913971993,daily,,,,,,,,,,,,,
2026-03-14,workload,ALL,5,11,3,2026,14,2,0,1,0,0,0,0,0,0,67.0,19.0,-3,0,0,95,,,,fallback_empty,1,,,,,,,,,,,,,,,,,,,,,,,,,,,daily,274.18576248761696,274.18576248761696,10949.437230108017,12971.061439205572,73.90619086396211,79.65983857092785,0.0,0.0,274.18576248761696,274.18576248761696,,,
2026-03-14,workload_expected_from_service,desconocida,5,11,3,2026,14,2,0,1,0,0,0,0,0,0,67.0,19.0,-3,0,0,95,,,,fallback_empty,1,,,,,,,3.1764466886434537,4.039477337781674,0.0025749852308595,0.0025749852308595,3.3291918768481614,6.56629489526213,7.124475993384747,7.124475993384747,292.0376239625366,292.0376239625366,9.899425658493686e-07,4.3499256803235745e-05,32.4070988034762,70.33186608127708,13.682212140037327,13.682212140037327,452.50036609145826,452.50036609145826,0.6026459533453215,0.7350107196370291,daily,,,,,,,,,,,0.0,0.0,2026-03-14
2026-03-14,workload_expected_from_service,entrega,5,11,3,2026,14,2,0,1,0,0,0,0,0,0,67.0,19.0,-3,0,0,95,,,,fallback_empty,1,,,,,,,3.1477172009341268,8.381981857884883,13.516604753612864,14.29032917893706,8.744750427983288,11.711160554577098,6.8443536329492325,10.747644409867418,2474.338791176569,3417.8145237321105,3.548850707761885e-07,4.3499256803235745e-05,1.4195402831047534e-07,3.236551845478836e-05,8.09137961369709e-06,6.068534710272823e-05,0.0004154923431633,0.0165924850343148,0.609839773399877,0.7350107196370291,daily,,,,,,,,,,,0.0,0.0,2026-03-14
2026-03-14,workload_expected_from_service,mixto,5,11,3,2026,14,2,0,1,0,0,0,0,0,0,67.0,19.0,-3,0,0,95,,,,fallback_empty,1,,,,,,,1.999059269882555,3.176877976290237,6.407255288814604,37.41277081382416,1.0000053942530756,3.7954682571885936,12.108343293376665,12.839566359648222,1259.035173614403,1259.035173614403,6.428891855091964,34.251939137521134,13.140935839949472,13.140935839949472,11.857591517700849,14.947436748926284,1261.4787126854255,1261.4787126854255,0.6028274571722705,0.7350107196370291,daily,,,,,,,,,,,0.0,0.0,2026-03-14
2026-03-14,workload_expected_from_service,recogida,5,11,3,2026,14,2,0,1,0,0,0,0,0,0,67.0,19.0,-3,0,0,95,,,,fallback_empty,1,,,,,,,1.203776902243899,2.880694335058878,3.1229886228304565e-07,0.000112874745611,8.09137961369709e-06,8.260566815437104e-05,8.09137961369709e-06,7.929552021423174e-05,0.000451768695098,0.020978905428021,5.3458192237885225,10.302867672201351,1.256177045618449,4.39627247027101,6.653642517834275,11.16506054436307,3881.27175054924,8759.067321317767,0.5806012992670251,0.6834028913971993,daily,,,,,,,,,,,0.0,0.0,2026-03-14
2026-03-15,service,desconocida,6,11,3,2026,15,3,0,1,0,0,0,0,0,0,68.0,18.0,-3,0,0,95,,,,fallback_empty,1,,,,,,,3.351324188783137,4.134145089047731,0.0025749852308595,0.0025749852308595,3.407929693998907,6.194245129002966,6.130764839782365,10.28790640907113,5.169033798197041,420.8942684224071,9.899425658493686e-07,4.3499256803235745e-05,32.04480289737717,73.93410455031061,14.94824041892054,14.94824041892054,1580.226333884768,2437.265257220348,0.3966780284203831,0.6164513465665667,daily,,,,,,,,,,,,,
2026-03-15,service,entrega,6,11,3,2026,15,3,0,1,0,0,0,0,0,0,68.0,18.0,-3,0,0,95,,,,fallback_empty,1,,,,,,,2.870848720436028,4.814098754996419,11.471112145777669,14.944907187354376,5.678305510007749,6.064193397760449,3.977759432068989,8.32367643031323,1831.6963747979491,2208.9642856520622,3.548850707761885e-07,4.3499256803235745e-05,1.4195402831047534e-07,3.236551845478836e-05,8.09137961369709e-06,6.068534710272823e-05,0.0004154923431633,0.0165924850343148,0.4213741808165447,0.6164513465665667,daily,,,,,,,,,,,,,
2026-03-15,service,mixto,6,11,3,2026,15,3,0,1,0,0,0,0,0,0,68.0,18.0,-3,0,0,95,,,,fallback_empty,1,,,,,,,2.0653284194156067,3.204011152812514,6.407255288814604,37.41277081382416,1.0000053942530756,3.16776931043625,10.95751076097093,13.109681101159344,981.2618235348816,981.2618235348816,6.428891855091964,34.251939137521134,12.92261738837366,12.92261738837366,12.47022903728667,22.213246827782825,1788.0876561754565,2681.015799038783,0.3968595322473321,0.6164513465665667,daily,,,,,,,,,,,,,
2026-03-15,service,recogida,6,11,3,2026,15,3,0,1,0,0,0,0,0,0,68.0,18.0,-3,0,0,95,,,,fallback_empty,1,,,,,,,1.4485331944906723,2.802973610157924,3.1229886228304565e-07,0.000112874745611,8.09137961369709e-06,8.260566815437104e-05,8.09137961369709e-06,7.929552021423174e-05,0.000451768695098,0.020978905428021,4.415802028340673,11.214155085237694,1.2387017145431356,3.91167639809388,12.49094250923672,20.859242661275555,5392.818099079975,12693.563472082958,0.365590870891051,0.5434142539527226,daily,,,,,,,,,,,,,
2026-03-15,workload,ALL,6,11,3,2026,15,3,0,1,0,0,0,0,0,0,68.0,18.0,-3,0,0,95,,,,fallback_empty,1,,,,,,,,,,,,,,,,,,,,,,,,,,,daily,274.18576248761696,274.18576248761696,11061.824998758451,13641.446108037915,74.13968312767565,79.78452815125436,0.0,0.0,274.18576248761696,274.18576248761696,,,
2026-03-15,workload_expected_from_service,desconocida,6,11,3,2026,15,3,0,1,0,0,0,0,0,0,68.0,18.0,-3,0,0,95,,,,fallback_empty,1,,,,,,,3.351324188783137,4.134145089047731,0.0025749852308595,0.0025749852308595,3.407929693998907,6.194245129002966,6.130764839782365,10.28790640907113,5.169033798197041,420.8942684224071,9.899425658493686e-07,4.3499256803235745e-05,32.04480289737717,73.93410455031061,14.94824041892054,14.94824041892054,1580.226333884768,2437.265257220348,0.3966780284203831,0.6164513465665667,daily,,,,,,,,,,,0.0,0.0,2026-03-15
2026-03-15,workload_expected_from_service,entrega,6,11,3,2026,15,3,0,1,0,0,0,0,0,0,68.0,18.0,-3,0,0,95,,,,fallback_empty,1,,,,,,,2.870848720436028,4.814098754996419,11.471112145777669,14.944907187354376,5.678305510007749,6.064193397760449,3.977759432068989,8.32367643031323,1831.6963747979491,2208.9642856520622,3.548850707761885e-07,4.3499256803235745e-05,1.4195402831047534e-07,3.236551845478836e-05,8.09137961369709e-06,6.068534710272823e-05,0.0004154923431633,0.0165924850343148,0.4213741808165447,0.6164513465665667,daily,,,,,,,,,,,0.0,0.0,2026-03-15
2026-03-15,workload_expected_from_service,mixto,6,11,3,2026,15,3,0,1,0,0,0,0,0,0,68.0,18.0,-3,0,0,95,,,,fallback_empty,1,,,,,,,2.0653284194156067,3.204011152812514,6.407255288814604,37.41277081382416,1.0000053942530756,3.16776931043625,10.95751076097093,13.109681101159344,981.2618235348816,981.2618235348816,6.428891855091964,34.251939137521134,12.92261738837366,12.92261738837366,12.47022903728667,22.213246827782825,1788.0876561754565,2681.015799038783,0.3968595322473321,0.6164513465665667,daily,,,,,,,,,,,0.0,0.0,2026-03-15
2026-03-15,workload_expected_from_service,recogida,6,11,3,2026,15,3,0,1,0,0,0,0,0,0,68.0,18.0,-3,0,0,95,,,,fallback_empty,1,,,,,,,1.4485331944906723,2.802973610157924,3.1229886228304565e-07,0.000112874745611,8.09137961369709e-06,8.260566815437104e-05,8.09137961369709e-06,7.929552021423174e-05,0.000451768695098,0.020978905428021,4.415802028340673,11.214155085237694,1.2387017145431356,3.91167639809388,12.49094250923672,20.859242661275555,5392.818099079975,12693.563472082958,0.365590870891051,0.5434142539527226,daily,,,,,,,,,,,0.0,0.0,2026-03-15
2026-03-16,service,desconocida,0,12,3,2026,16,3,0,0,0,0,0,0,0,0,69.0,17.0,-3,0,0,95,,,,fallback_empty,1,,,,,,,4.137423266270815,7.635237709321348,0.0025749852308595,0.0025749852308595,7.79300244355912,10.1879712035622,9.664146856560878,18.072424096339788,489.0613317610406,1110.942148564156,9.899425658493686e-07,4.3499256803235745e-05,38.872179527433175,85.57876040365831,14.947062672585917,22.86404670849629,729.1892554476494,1560.1760511145278,0.8264314361647864,0.8608255113134079,daily,,,,,,,,,,,,,
2026-03-16,service,entrega,0,12,3,2026,16,3,0,0,0,0,0,0,0,0,69.0,17.0,-3,0,0,95,,,,fallback_empty,1,,,,,,,17.822722103827537,28.92251182202483,47.5482371109022,157.65609755188888,31.901722034581017,47.98738740502252,28.860689230398588,66.19438736400963,4516.219905263113,16207.979051914006,3.548850707761885e-07,4.3499256803235745e-05,1.4195402831047534e-07,3.236551845478836e-05,8.09137961369709e-06,6.068534710272823e-05,0.0004154923431633,0.0165924850343148,0.8264314361647864,0.8608255113134079,daily,,,,,,,,,,,,,
2026-03-16,service,mixto,0,12,3,2026,16,3,0,0,0,0,0,0,0,0,69.0,17.0,-3,0,0,95,,,,fallback_empty,1,,,,,,,2.464738351015289,5.594318003530354,5.028122558039683,18.8187566057026,1.0000053942530756,4.2590814023691195,16.016486589830688,35.48825919057333,871.4772003005886,2003.7970347447167,8.497744750307895,20.52431326442874,16.982212760134047,16.982212760134047,11.833296828745024,36.99945424404134,2874.1327408936436,3477.407494551205,0.8266129399917355,0.8608255113134079,daily,,,,,,,,,,,,,
2026-03-16,service,recogida,0,12,3,2026,16,3,0,0,0,0,0,0,0,0,69.0,17.0,-3,0,0,95,,,,fallback_empty,1,,,,,,,4.682368817936955,9.064261912105213,3.1229886228304565e-07,0.000112874745611,8.09137961369709e-06,8.260566815437104e-05,8.09137961369709e-06,7.929552021423174e-05,0.000451768695098,0.020978905428021,10.830477757433489,14.982906938654214,5.5157441839495975,11.330346996431553,17.288031079356294,35.883526318354804,7674.23425744252,15676.161153301173,0.8264314361647864,0.8608255113134079,daily,,,,,,,,,,,,,
2026-03-16,workload,ALL,0,12,3,2026,16,3,0,0,0,0,0,0,0,0,69.0,17.0,-3,0,0,95,,,,fallback_empty,1,,,,,,,,,,,,,,,,,,,,,,,,,,,daily,274.4270157762912,274.4270157762912,10823.790309712294,13562.894756415037,72.56619532506143,77.99061919239703,0.0,0.0,274.4270157762912,274.4270157762912,,,
2026-03-16,workload_expected_from_service,desconocida,0,12,3,2026,16,3,0,0,0,0,0,0,0,0,69.0,17.0,-3,0,0,95,,,,fallback_empty,1,,,,,,,4.137423266270815,7.635237709321348,0.0025749852308595,0.0025749852308595,7.79300244355912,10.1879712035622,9.664146856560878,18.072424096339788,489.0613317610406,1110.942148564156,9.899425658493686e-07,4.3499256803235745e-05,38.872179527433175,85.57876040365831,14.947062672585917,22.86404670849629,729.1892554476494,1560.1760511145278,0.8264314361647864,0.8608255113134079,daily,,,,,,,,,,,0.0,0.0,2026-03-16
2026-03-16,workload_expected_from_service,entrega,0,12,3,2026,16,3,0,0,0,0,0,0,0,0,69.0,17.0,-3,0,0,95,,,,fallback_empty,1,,,,,,,17.822722103827537,28.92251182202483,47.5482371109022,157.65609755188888,31.901722034581017,47.98738740502252,28.860689230398588,66.19438736400963,4516.219905263113,16207.979051914006,3.548850707761885e-07,4.3499256803235745e-05,1.4195402831047534e-07,3.236551845478836e-05,8.09137961369709e-06,6.068534710272823e-05,0.0004154923431633,0.0165924850343148,0.8264314361647864,0.8608255113134079,daily,,,,,,,,,,,0.0,0.0,2026-03-16
2026-03-16,workload_expected_from_service,mixto,0,12,3,2026,16,3,0,0,0,0,0,0,0,0,69.0,17.0,-3,0,0,95,,,,fallback_empty,1,,,,,,,2.464738351015289,5.594318003530354,5.028122558039683,18.8187566057026,1.0000053942530756,4.2590814023691195,16.016486589830688,35.48825919057333,871.4772003005886,2003.7970347447167,8.497744750307895,20.52431326442874,16.982212760134047,16.982212760134047,11.833296828745024,36.99945424404134,2874.1327408936436,3477.407494551205,0.8266129399917355,0.8608255113134079,daily,,,,,,,,,,,0.0,0.0,2026-03-16
2026-03-16,workload_expected_from_service,recogida,0,12,3,2026,16,3,0,0,0,0,0,0,0,0,69.0,17.0,-3,0,0,95,,,,fallback_empty,1,,,,,,,4.682368817936955,9.064261912105213,3.1229886228304565e-07,0.000112874745611,8.09137961369709e-06,8.260566815437104e-05,8.09137961369709e-06,7.929552021423174e-05,0.000451768695098,0.020978905428021,10.830477757433489,14.982906938654214,5.5157441839495975,11.330346996431553,17.288031079356294,35.883526318354804,7674.23425744252,15676.161153301173,0.8264314361647864,0.8608255113134079,daily,,,,,,,,,,,0.0,0.0,2026-03-16
2026-03-17,service,desconocida,1,12,3,2026,17,3,0,0,0,0,0,0,0,0,70.0,16.0,-3,0,0,95,,,,fallback_empty,1,,,,,,,3.1921696921356824,4.372937028224692,0.0025749852308595,0.0025749852308595,4.652735423754163,6.793069361692643,8.696336874100824,8.696336874100824,298.5238562317743,1042.392489768131,9.899425658493686e-07,4.3499256803235745e-05,41.38380216513326,63.15732619362621,12.045279623770172,18.985004604810072,704.9592421053534,2015.7664682431844,0.8997173579352624,0.8997173579352624,daily,,,,,,,,,,,,,
2026-03-17,service,entrega,1,12,3,2026,17,3,0,0,0,0,0,0,0,0,70.0,16.0,-3,0,0,95,,,,fallback_empty,1,,,,,,,16.219896644398666,25.991694017684377,38.61249619387267,77.28463745918623,27.98485212797544,43.84246829668336,29.244869537881527,54.86848461224739,4710.8044830582485,16177.227128957824,3.548850707761885e-07,4.3499256803235745e-05,1.4195402831047534e-07,3.236551845478836e-05,8.09137961369709e-06,6.068534710272823e-05,0.0004154923431633,0.0165924850343148,0.8997173579352624,0.8997173579352624,daily,,,,,,,,,,,,,
2026-03-17,service,mixto,1,12,3,2026,17,3,0,0,0,0,0,0,0,0,70.0,16.0,-3,0,0,95,,,,fallback_empty,1,,,,,,,2.157776226742128,2.2363001490115235,5.028122558039683,18.8187566057026,1.0000053942530756,3.9279589514489066,15.411189579906384,23.254351702792547,781.631686509583,2250.0706138853584,8.497744750307895,20.52431326442874,15.851014856947854,15.851014856947854,8.55360737540862,28.34820927838973,1729.0360622113417,2339.569745912819,0.8998988617622115,0.8998988617622115,daily,,,,,,,,,,,,,
2026-03-17,service,recogida,1,12,3,2026,17,3,0,0,0,0,0,0,0,0,70.0,16.0,-3,0,0,95,,,,fallback_empty,1,,,,,,,4.700232786138085,7.196449451293473,3.1229886228304565e-07,0.000112874745611,8.09137961369709e-06,8.260566815437104e-05,8.09137961369709e-06,7.929552021423174e-05,0.000451768695098,0.020978905428021,5.494508596718972,14.488524322367358,4.119824531793213,10.472727660674837,11.177920698953226,25.783664734150623,5077.576720860463,10744.625726045237,0.8997173579352624,0.8997173579352624,daily,,,,,,,,,,,,,
2026-03-17,workload,ALL,1,12,3,2026,17,3,0,0,0,0,0,0,0,0,70.0,16.0,-3,0,0,95,,,,fallback_empty,1,,,,,,,,,,,,,,,,,,,,,,,,,,,daily,274.19238868911634,274.19238868911634,10944.51083790894,13591.16892092229,73.89914428183285,80.0191313928154,0.0,0.0,274.19238868911634,274.19238868911634,,,
2026-03-17,workload_expected_from_service,desconocida,1,12,3,2026,17,3,0,0,0,0,0,0,0,0,70.0,16.0,-3,0,0,95,,,,fallback_empty,1,,,,,,,3.1921696921356824,4.372937028224692,0.0025749852308595,0.0025749852308595,4.652735423754163,6.793069361692643,8.696336874100824,8.696336874100824,298.5238562317743,1042.392489768131,9.899425658493686e-07,4.3499256803235745e-05,41.38380216513326,63.15732619362621,12.045279623770172,18.985004604810072,704.9592421053534,2015.7664682431844,0.8997173579352624,0.8997173579352624,daily,,,,,,,,,,,0.0,0.0,2026-03-17
2026-03-17,workload_expected_from_service,entrega,1,12,3,2026,17,3,0,0,0,0,0,0,0,0,70.0,16.0,-3,0,0,95,,,,fallback_empty,1,,,,,,,16.219896644398666,25.991694017684377,38.61249619387267,77.28463745918623,27.98485212797544,43.84246829668336,29.244869537881527,54.86848461224739,4710.8044830582485,16177.227128957824,3.548850707761885e-07,4.3499256803235745e-05,1.4195402831047534e-07,3.236551845478836e-05,8.09137961369709e-06,6.068534710272823e-05,0.0004154923431633,0.0165924850343148,0.8997173579352624,0.8997173579352624,daily,,,,,,,,,,,0.0,0.0,2026-03-17
2026-03-17,workload_expected_from_service,mixto,1,12,3,2026,17,3,0,0,0,0,0,0,0,0,70.0,16.0,-3,0,0,95,,,,fallback_empty,1,,,,,,,2.157776226742128,2.2363001490115235,5.028122558039683,18.8187566057026,1.0000053942530756,3.9279589514489066,15.411189579906384,23.254351702792547,781.631686509583,2250.0706138853584,8.497744750307895,20.52431326442874,15.851014856947854,15.851014856947854,8.55360737540862,28.34820927838973,1729.0360622113417,2339.569745912819,0.8998988617622115,0.8998988617622115,daily,,,,,,,,,,,0.0,0.0,2026-03-17
2026-03-17,workload_expected_from_service,recogida,1,12,3,2026,17,3,0,0,0,0,0,0,0,0,70.0,16.0,-3,0,0,95,,,,fallback_empty,1,,,,,,,4.700232786138085,7.196449451293473,3.1229886228304565e-07,0.000112874745611,8.09137961369709e-06,8.260566815437104e-05,8.09137961369709e-06,7.929552021423174e-05,0.000451768695098,0.020978905428021,5.494508596718972,14.488524322367358,4.119824531793213,10.472727660674837,11.177920698953226,25.783664734150623,5077.576720860463,10744.625726045237,0.8997173579352624,0.8997173579352624,daily,,,,,,,,,,,0.0,0.0,2026-03-17
2026-03-18,service,desconocida,2,12,3,2026,18,3,0,0,0,0,0,0,0,0,71.0,15.0,-3,0,0,95,,,,fallback_empty,1,,,,,,,3.92573475935953,3.92573475935953,0.0025749852308595,0.0025749852308595,4.5892355799879265,6.870282002045893,10.070933349336256,10.070933349336256,1333.0796063496164,1333.0796063496164,9.899425658493686e-07,4.3499256803235745e-05,41.12163042476938,60.688557823332616,12.760690990174718,18.6153987435398,436.70986816363853,1580.2890862323704,0.8674050448823157,0.8674050448823157,daily,,,,,,,,,,,,,
2026-03-18,service,entrega,2,12,3,2026,18,3,0,0,0,0,0,0,0,0,71.0,15.0,-3,0,0,95,,,,fallback_empty,1,,,,,,,16.650893059048055,24.246004075566702,40.13320885406282,74.6120258227651,33.163878361821695,45.420687660660086,33.26495032526712,51.89391611402759,8106.769966845676,12127.136492690095,3.548850707761885e-07,4.3499256803235745e-05,1.4195402831047534e-07,3.236551845478836e-05,8.09137961369709e-06,6.068534710272823e-05,0.0004154923431633,0.0165924850343148,0.8674050448823157,0.8674050448823157,daily,,,,,,,,,,,,,
2026-03-18,service,mixto,2,12,3,2026,18,3,0,0,0,0,0,0,0,0,71.0,15.0,-3,0,0,95,,,,fallback_empty,1,,,,,,,2.4993973260261027,2.4993973260261027,5.028122558039683,20.06408853227786,1.0000053942530756,4.826355081823271,16.482933855752563,20.710313119442603,2327.9564670715436,2327.9564670715436,8.497744750307895,20.371770732972696,16.89565572435309,16.89565572435309,9.064492964054375,25.264296095871345,1277.4123829479638,1981.2875467310207,0.8675865487092648,0.8675865487092648,daily,,,,,,,,,,,,,
2026-03-18,service,recogida,2,12,3,2026,18,3,0,0,0,0,0,0,0,0,71.0,15.0,-3,0,0,95,,,,fallback_empty,1,,,,,,,5.52545282459098,6.106465867559052,3.1229886228304565e-07,0.000112874745611,8.09137961369709e-06,8.260566815437104e-05,8.09137961369709e-06,7.929552021423174e-05,0.000451768695098,0.020978905428021,11.572759918449815,18.759104788916375,5.64899658960171,7.188672514960905,12.329980015647164,22.588390089869865,5193.847215525107,11759.759916077492,0.8674050448823157,0.8674050448823157,daily,,,,,,,,,,,,,
2026-03-18,workload,ALL,2,12,3,2026,18,3,0,0,0,0,0,0,0,0,71.0,15.0,-3,0,0,95,,,,fallback_empty,1,,,,,,,,,,,,,,,,,,,,,,,,,,,daily,273.56594144379903,273.56594144379903,10701.856547361613,13512.549899702284,73.98225265933345,79.77682766864093,0.0,0.0,273.56594144379903,273.56594144379903,,,
2026-03-18,workload_expected_from_service,desconocida,2,12,3,2026,18,3,0,0,0,0,0,0,0,0,71.0,15.0,-3,0,0,95,,,,fallback_empty,1,,,,,,,3.92573475935953,3.92573475935953,0.0025749852308595,0.0025749852308595,4.5892355799879265,6.870282002045893,10.070933349336256,10.070933349336256,1333.0796063496164,1333.0796063496164,9.899425658493686e-07,4.3499256803235745e-05,41.12163042476938,60.688557823332616,12.760690990174718,18.6153987435398,436.70986816363853,1580.2890862323704,0.8674050448823157,0.8674050448823157,daily,,,,,,,,,,,0.0,0.0,2026-03-18
2026-03-18,workload_expected_from_service,entrega,2,12,3,2026,18,3,0,0,0,0,0,0,0,0,71.0,15.0,-3,0,0,95,,,,fallback_empty,1,,,,,,,16.650893059048055,24.246004075566702,40.13320885406282,74.6120258227651,33.163878361821695,45.420687660660086,33.26495032526712,51.89391611402759,8106.769966845676,12127.136492690095,3.548850707761885e-07,4.3499256803235745e-05,1.4195402831047534e-07,3.236551845478836e-05,8.09137961369709e-06,6.068534710272823e-05,0.0004154923431633,0.0165924850343148,0.8674050448823157,0.8674050448823157,daily,,,,,,,,,,,0.0,0.0,2026-03-18
2026-03-18,workload_expected_from_service,mixto,2,12,3,2026,18,3,0,0,0,0,0,0,0,0,71.0,15.0,-3,0,0,95,,,,fallback_empty,1,,,,,,,2.4993973260261027,2.4993973260261027,5.028122558039683,20.06408853227786,1.0000053942530756,4.826355081823271,16.482933855752563,20.710313119442603,2327.9564670715436,2327.9564670715436,8.497744750307895,20.371770732972696,16.89565572435309,16.89565572435309,9.064492964054375,25.264296095871345,1277.4123829479638,1981.2875467310207,0.8675865487092648,0.8675865487092648,daily,,,,,,,,,,,0.0,0.0,2026-03-18
2026-03-18,workload_expected_from_service,recogida,2,12,3,2026,18,3,0,0,0,0,0,0,0,0,71.0,15.0,-3,0,0,95,,,,fallback_empty,1,,,,,,,5.52545282459098,6.106465867559052,3.1229886228304565e-07,0.000112874745611,8.09137961369709e-06,8.260566815437104e-05,8.09137961369709e-06,7.929552021423174e-05,0.000451768695098,0.020978905428021,11.572759918449815,18.759104788916375,5.64899658960171,7.188672514960905,12.329980015647164,22.588390089869865,5193.847215525107,11759.759916077492,0.8674050448823157,0.8674050448823157,daily,,,,,,,,,,,0.0,0.0,2026-03-18
2026-03-19,service,desconocida,3,12,3,2026,19,3,0,0,0,0,0,0,0,0,72.0,14.0,-2,0,0,95,,,,fallback_empty,1,,,,,,,4.220880388117049,4.220880388117049,0.0025749852308595,0.0025749852308595,6.425835641893503,10.324441432243306,9.570187906561072,9.570187906561072,1061.6807423767498,1070.1614923494187,9.899425658493686e-07,4.3499256803235745e-05,41.03548893696416,59.57386697580029,15.295309149490182,20.48228730257836,618.0701815972874,812.1627740884785,0.8540036287862902,0.8540036287862902,daily,,,,,,,,,,,,,
2026-03-19,service,entrega,3,12,3,2026,19,3,0,0,0,0,0,0,0,0,72.0,14.0,-2,0,0,95,,,,fallback_empty,1,,,,,,,16.97017156663048,22.62651437043061,44.97512009844867,47.61966136991948,34.49839919983389,47.80895052054706,32.21589012970836,48.28028975830565,7950.131574990867,13710.436562642884,3.548850707761885e-07,4.3499256803235745e-05,1.4195402831047534e-07,3.236551845478836e-05,8.09137961369709e-06,6.068534710272823e-05,0.0004154923431633,0.0165924850343148,0.8540036287862902,0.8540036287862902,daily,,,,,,,,,,,,,
2026-03-19,service,mixto,3,12,3,2026,19,3,0,0,0,0,0,0,0,0,72.0,14.0,-2,0,0,95,,,,fallback_empty,1,,,,,,,3.0256866409329644,3.0256866409329644,6.263264539650582,38.88476660755912,1.0000053942530756,5.969756851922302,14.92653300825187,19.639588019463172,2121.660916361624,2121.660916361624,9.552609336722714,30.071521386430945,17.16134823774982,17.16134823774982,11.138710050736938,27.40252008207982,1906.8516642718816,1906.8516642718816,0.8541851326132393,0.8541851326132393,daily,,,,,,,,,,,,,
2026-03-19,service,recogida,3,12,3,2026,19,3,0,0,0,0,0,0,0,0,72.0,14.0,-2,0,0,95,,,,fallback_empty,1,,,,,,,5.065103171925477,6.487456495254348,3.1229886228304565e-07,0.000112874745611,8.09137961369709e-06,8.260566815437104e-05,8.09137961369709e-06,7.929552021423174e-05,0.000451768695098,0.020978905428021,9.619677263441734,11.065006613294052,6.1267526425539724,8.472589153529588,14.13708909562956,24.78168208067437,5943.564845212423,11069.220110625323,0.8540036287862902,0.8540036287862902,daily,,,,,,,,,,,,,
2026-03-19,workload,ALL,3,12,3,2026,19,3,0,0,0,0,0,0,0,0,72.0,14.0,-2,0,0,95,,,,fallback_empty,1,,,,,,,,,,,,,,,,,,,,,,,,,,,daily,273.46775531865916,273.46775531865916,10890.28097021825,14064.048461384566,73.11683121589502,79.78711449112281,0.0,0.0,273.46775531865916,273.46775531865916,,,
2026-03-19,workload_expected_from_service,desconocida,3,12,3,2026,19,3,0,0,0,0,0,0,0,0,72.0,14.0,-2,0,0,95,,,,fallback_empty,1,,,,,,,4.220880388117049,4.220880388117049,0.0025749852308595,0.0025749852308595,6.425835641893503,10.324441432243306,9.570187906561072,9.570187906561072,1061.6807423767498,1070.1614923494187,9.899425658493686e-07,4.3499256803235745e-05,41.03548893696416,59.57386697580029,15.295309149490182,20.48228730257836,618.0701815972874,812.1627740884785,0.8540036287862902,0.8540036287862902,daily,,,,,,,,,,,0.0,0.0,2026-03-19
2026-03-19,workload_expected_from_service,entrega,3,12,3,2026,19,3,0,0,0,0,0,0,0,0,72.0,14.0,-2,0,0,95,,,,fallback_empty,1,,,,,,,16.97017156663048,22.62651437043061,44.97512009844867,47.61966136991948,34.49839919983389,47.80895052054706,32.21589012970836,48.28028975830565,7950.131574990867,13710.436562642884,3.548850707761885e-07,4.3499256803235745e-05,1.4195402831047534e-07,3.236551845478836e-05,8.09137961369709e-06,6.068534710272823e-05,0.0004154923431633,0.0165924850343148,0.8540036287862902,0.8540036287862902,daily,,,,,,,,,,,0.0,0.0,2026-03-19
2026-03-19,workload_expected_from_service,mixto,3,12,3,2026,19,3,0,0,0,0,0,0,0,0,72.0,14.0,-2,0,0,95,,,,fallback_empty,1,,,,,,,3.0256866409329644,3.0256866409329644,6.263264539650582,38.88476660755912,1.0000053942530756,5.969756851922302,14.92653300825187,19.639588019463172,2121.660916361624,2121.660916361624,9.552609336722714,30.071521386430945,17.16134823774982,17.16134823774982,11.138710050736938,27.40252008207982,1906.8516642718816,1906.8516642718816,0.8541851326132393,0.8541851326132393,daily,,,,,,,,,,,0.0,0.0,2026-03-19
2026-03-19,workload_expected_from_service,recogida,3,12,3,2026,19,3,0,0,0,0,0,0,0,0,72.0,14.0,-2,0,0,95,,,,fallback_empty,1,,,,,,,5.065103171925477,6.487456495254348,3.1229886228304565e-07,0.000112874745611,8.09137961369709e-06,8.260566815437104e-05,8.09137961369709e-06,7.929552021423174e-05,0.000451768695098,0.020978905428021,9.619677263441734,11.065006613294052,6.1267526425539724,8.472589153529588,14.13708909562956,24.78168208067437,5943.564845212423,11069.220110625323,0.8540036287862902,0.8540036287862902,daily,,,,,,,,,,,0.0,0.0,2026-03-19
