fecha,process,driver,driver_forecast_p50,driver_forecast_p80,productivity_estandar,allowance_pct,setup_hours,shift_hours,utilization_effective,horas_requeridas_p50,horas_requeridas_p80,fte_requeridos_p50,fte_requeridos_p80
2026-03-19,inbound_recepcion,inbound_recepcion_cr_esperados,1.6594543786249003,8.2972718931245,22.0,0.12,0.25,8.0,0.85,0.334481313820904,0.6724065691045201,0.04918842850307412,0.09888331898595884
2026-03-19,inbound_ubicacion,inbound_ubicacion_ep_esperados,1.1746249789485228,4.463574920004387,28.0,0.12,0.25,8.0,0.85,0.2969849991579409,0.4285429968001755,0.043674264582050135,0.06302102894120228
2026-03-19,no_atribuible,picking_movs_no_atribuibles,0.0,2.0,100.0,0.15,0.25,8.0,0.85,0.25,0.273,0.03676470588235294,0.04014705882352942
2026-03-19,picking_out,picking_movs_esperados,18.0,75.0,120.0,0.15,0.5,8.0,0.85,0.6725,1.21875,0.09889705882352941,0.1792279411764706
2026-03-20,inbound_recepcion,inbound_recepcion_cr_esperados,6.414367667226367,30.246994017396574,22.0,0.12,0.25,8.0,0.85,0.5765496266951605,1.7898469681583713,0.08478670980811184,0.2632127894350546
2026-03-20,inbound_ubicacion,inbound_ubicacion_ep_esperados,3.9350890897427218,16.503371670288566,28.0,0.12,0.25,8.0,0.85,0.40740356358970886,0.9101348668115427,0.05991228876319248,0.13384336276640332
2026-03-20,no_atribuible,picking_movs_no_atribuibles,0.0,2.0,100.0,0.15,0.25,8.0,0.85,0.25,0.273,0.03676470588235294,0.04014705882352942
2026-03-20,picking_out,picking_movs_esperados,24.0,61.0,120.0,0.15,0.5,8.0,0.85,0.73,1.0845833333333332,0.10735294117647058,0.15949754901960783
2026-03-21,inbound_recepcion,inbound_recepcion_cr_esperados,0.0,0.0,22.0,0.12,0.25,8.0,0.85,0.25,0.25,0.03676470588235294,0.03676470588235294
2026-03-21,inbound_ubicacion,inbound_ubicacion_ep_esperados,0.0,0.0,28.0,0.12,0.25,8.0,0.85,0.25,0.25,0.03676470588235294,0.03676470588235294
2026-03-21,no_atribuible,picking_movs_no_atribuibles,0.0,1.0,100.0,0.15,0.25,8.0,0.85,0.25,0.2615,0.03676470588235294,0.03845588235294118
2026-03-21,picking_out,picking_movs_esperados,0.0,0.0,120.0,0.15,0.5,8.0,0.85,0.5,0.5,0.07352941176470588,0.07352941176470588
2026-03-22,inbound_recepcion,inbound_recepcion_cr_esperados,0.0,0.0,22.0,0.12,0.25,8.0,0.85,0.25,0.25,0.03676470588235294,0.03676470588235294
2026-03-22,inbound_ubicacion,inbound_ubicacion_ep_esperados,0.0,0.0,28.0,0.12,0.25,8.0,0.85,0.25,0.25,0.03676470588235294,0.03676470588235294
2026-03-22,no_atribuible,picking_movs_no_atribuibles,0.0,1.0,100.0,0.15,0.25,8.0,0.85,0.25,0.2615,0.03676470588235294,0.03845588235294118
2026-03-22,picking_out,picking_movs_esperados,0.0,0.0,120.0,0.15,0.5,8.0,0.85,0.5,0.5,0.07352941176470588,0.07352941176470588
2026-03-23,inbound_recepcion,inbound_recepcion_cr_esperados,41.07309704445177,144.93350436882946,22.0,0.12,0.25,8.0,0.85,2.3409940313539086,7.628432949685864,0.34426382814028067,1.1218283749538036
2026-03-23,inbound_ubicacion,inbound_ubicacion_ep_esperados,26.085266785800936,101.60320590795614,28.0,0.12,0.25,8.0,0.85,1.2934106714320377,4.314128236318246,0.19020745168118203,0.6344306229879774
2026-03-23,no_atribuible,picking_movs_no_atribuibles,0.0,4.0,100.0,0.15,0.25,8.0,0.85,0.25,0.296,0.03676470588235294,0.04352941176470588
2026-03-23,picking_out,picking_movs_esperados,16.0,47.0,120.0,0.15,0.5,8.0,0.85,0.6533333333333333,0.9504166666666667,0.09607843137254903,0.1397671568627451
2026-03-24,inbound_recepcion,inbound_recepcion_cr_esperados,11.93861280292773,39.519458643329045,22.0,0.12,0.25,8.0,0.85,0.8577839245126846,2.261899712751297,0.12614469478127716,0.3326323106987202
2026-03-24,inbound_ubicacion,inbound_ubicacion_ep_esperados,7.3237963356603455,37.135901271217215,28.0,0.12,0.25,8.0,0.85,0.5429518534264138,1.7354360508486886,0.07984586079800203,0.2552111839483366
2026-03-24,no_atribuible,picking_movs_no_atribuibles,0.0,7.0,100.0,0.15,0.25,8.0,0.85,0.25,0.3305,0.03676470588235294,0.04860294117647059
2026-03-24,picking_out,picking_movs_esperados,17.0,70.0,120.0,0.15,0.5,8.0,0.85,0.6629166666666666,1.1708333333333334,0.0974877450980392,0.17218137254901963
2026-03-25,inbound_recepcion,inbound_recepcion_cr_esperados,4.808900012592181,28.914977533168585,22.0,0.12,0.25,8.0,0.85,0.4948167279137838,1.7220352198704008,0.07276716586967409,0.25324047351035306
2026-03-25,inbound_ubicacion,inbound_ubicacion_ep_esperados,3.8063045598543925,25.80767051856647,28.0,0.12,0.25,8.0,0.85,0.4022521823941757,1.282306820742659,0.05915473270502584,0.18857453246215572
2026-03-25,no_atribuible,picking_movs_no_atribuibles,1.0,7.0,100.0,0.15,0.25,8.0,0.85,0.2615,0.3305,0.03845588235294118,0.04860294117647059
2026-03-25,picking_out,picking_movs_esperados,32.0,50.0,120.0,0.15,0.5,8.0,0.85,0.8066666666666666,0.9791666666666666,0.11862745098039215,0.14399509803921567
2026-03-26,inbound_recepcion,inbound_recepcion_cr_esperados,4.7646849655911145,39.74506194457654,22.0,0.12,0.25,8.0,0.85,0.4925657800664568,2.273384971723897,0.07243614412742012,0.33432131937116133
2026-03-26,inbound_ubicacion,inbound_ubicacion_ep_esperados,0.9841883602197754,34.42016415781488,28.0,0.12,0.25,8.0,0.85,0.28936753440879104,1.6268065663125955,0.04255404917776339,0.23923625975185228
2026-03-26,no_atribuible,picking_movs_no_atribuibles,0.0,8.0,100.0,0.15,0.25,8.0,0.85,0.25,0.34199999999999997,0.03676470588235294,0.05029411764705882
2026-03-26,picking_out,picking_movs_esperados,15.0,71.0,120.0,0.15,0.5,8.0,0.85,0.64375,1.1804166666666667,0.09466911764705883,0.1735906862745098
2026-03-27,inbound_recepcion,inbound_recepcion_cr_esperados,5.236162667497703,35.475493391170225,22.0,0.12,0.25,8.0,0.85,0.5165682812544286,2.056025118095939,0.07596592371388655,0.30235663501410864
2026-03-27,inbound_ubicacion,inbound_ubicacion_ep_esperados,3.248173618543791,20.685730747450844,28.0,0.12,0.25,8.0,0.85,0.37992694474175165,1.077429229898034,0.055871609520845834,0.158445474985005
2026-03-27,no_atribuible,picking_movs_no_atribuibles,0.0,8.0,100.0,0.15,0.25,8.0,0.85,0.25,0.34199999999999997,0.03676470588235294,0.05029411764705882
2026-03-27,picking_out,picking_movs_esperados,19.0,55.0,120.0,0.15,0.5,8.0,0.85,0.6820833333333334,1.0270833333333331,0.10030637254901961,0.15104166666666663
2026-03-28,inbound_recepcion,inbound_recepcion_cr_esperados,0.0,0.0,22.0,0.12,0.25,8.0,0.85,0.25,0.25,0.03676470588235294,0.03676470588235294
2026-03-28,inbound_ubicacion,inbound_ubicacion_ep_esperados,0.0,0.0,28.0,0.12,0.25,8.0,0.85,0.25,0.25,0.03676470588235294,0.03676470588235294
2026-03-28,no_atribuible,picking_movs_no_atribuibles,0.0,3.0,100.0,0.15,0.25,8.0,0.85,0.25,0.2845,0.03676470588235294,0.04183823529411764
2026-03-28,picking_out,picking_movs_esperados,0.0,0.0,120.0,0.15,0.5,8.0,0.85,0.5,0.5,0.07352941176470588,0.07352941176470588
2026-03-29,inbound_recepcion,inbound_recepcion_cr_esperados,0.0,0.0,22.0,0.12,0.25,8.0,0.85,0.25,0.25,0.03676470588235294,0.03676470588235294
2026-03-29,inbound_ubicacion,inbound_ubicacion_ep_esperados,0.0,0.0,28.0,0.12,0.25,8.0,0.85,0.25,0.25,0.03676470588235294,0.03676470588235294
2026-03-29,no_atribuible,picking_movs_no_atribuibles,0.0,1.0,100.0,0.15,0.25,8.0,0.85,0.25,0.2615,0.03676470588235294,0.03845588235294118
2026-03-29,picking_out,picking_movs_esperados,0.0,0.0,120.0,0.15,0.5,8.0,0.85,0.5,0.5,0.07352941176470588,0.07352941176470588
2026-03-30,inbound_recepcion,inbound_recepcion_cr_esperados,32.62869828301266,127.48981177264983,22.0,0.12,0.25,8.0,0.85,1.91109736713519,6.7403904175167195,0.28104373046105735,0.9912338849289294
2026-03-30,inbound_ubicacion,inbound_ubicacion_ep_esperados,20.679617794279864,89.26685371931993,28.0,0.12,0.25,8.0,0.85,1.0771847117711946,3.8206741487727975,0.15840951643694037,0.5618638454077644
2026-03-30,no_atribuible,picking_movs_no_atribuibles,1.0,11.0,100.0,0.15,0.25,8.0,0.85,0.2615,0.3765,0.03845588235294118,0.05536764705882353
2026-03-30,picking_out,picking_movs_esperados,13.0,44.0,120.0,0.15,0.5,8.0,0.85,0.6245833333333333,0.9216666666666666,0.09185049019607842,0.1355392156862745
2026-03-31,inbound_recepcion,inbound_recepcion_cr_esperados,9.387199808123295,30.11584207643676,22.0,0.12,0.25,8.0,0.85,0.7278938084135496,1.7831701420731443,0.10704320711963965,0.26223090324605064
2026-03-31,inbound_ubicacion,inbound_ubicacion_ep_esperados,5.788716347087196,28.464972629912836,28.0,0.12,0.25,8.0,0.85,0.4815486538834879,1.3885989051965135,0.07081597851227764,0.20420572135242845
2026-03-31,no_atribuible,picking_movs_no_atribuibles,1.0,11.0,100.0,0.15,0.25,8.0,0.85,0.2615,0.3765,0.03845588235294118,0.05536764705882353
2026-03-31,picking_out,picking_movs_esperados,23.0,76.0,120.0,0.15,0.5,8.0,0.85,0.7204166666666667,1.2283333333333333,0.1059436274509804,0.18063725490196078
2026-04-01,inbound_recepcion,inbound_recepcion_cr_esperados,3.770704067467564,17.686728130381614,22.0,0.12,0.25,8.0,0.85,0.4419631161619851,1.1504152502739733,0.06499457590617427,0.1691787132755843
2026-04-01,inbound_ubicacion,inbound_ubicacion_ep_esperados,2.472721171540413,16.927260272511948,28.0,0.12,0.25,8.0,0.85,0.3489088468616165,0.927090410900478,0.051310124538473015,0.13633682513242323
2026-04-01,no_atribuible,picking_movs_no_atribuibles,0.0,6.0,100.0,0.15,0.25,8.0,0.85,0.25,0.319,0.03676470588235294,0.046911764705882354
2026-04-01,picking_out,picking_movs_esperados,24.0,87.0,120.0,0.15,0.5,8.0,0.85,0.73,1.3337499999999998,0.10735294117647058,0.1961397058823529
2026-04-02,inbound_recepcion,inbound_recepcion_cr_esperados,0.0,0.0,22.0,0.12,0.25,8.0,0.85,0.25,0.25,0.03676470588235294,0.03676470588235294
2026-04-02,inbound_ubicacion,inbound_ubicacion_ep_esperados,0.0,0.0,28.0,0.12,0.25,8.0,0.85,0.25,0.25,0.03676470588235294,0.03676470588235294
2026-04-02,no_atribuible,picking_movs_no_atribuibles,0.0,1.0,100.0,0.15,0.25,8.0,0.85,0.25,0.2615,0.03676470588235294,0.03845588235294118
2026-04-02,picking_out,picking_movs_esperados,0.0,0.0,120.0,0.15,0.5,8.0,0.85,0.5,0.5,0.07352941176470588,0.07352941176470588
2026-04-03,inbound_recepcion,inbound_recepcion_cr_esperados,0.0,0.0,22.0,0.12,0.25,8.0,0.85,0.25,0.25,0.03676470588235294,0.03676470588235294
2026-04-03,inbound_ubicacion,inbound_ubicacion_ep_esperados,0.0,0.0,28.0,0.12,0.25,8.0,0.85,0.25,0.25,0.03676470588235294,0.03676470588235294
2026-04-03,no_atribuible,picking_movs_no_atribuibles,0.0,2.0,100.0,0.15,0.25,8.0,0.85,0.25,0.273,0.03676470588235294,0.04014705882352942
2026-04-03,picking_out,picking_movs_esperados,0.0,0.0,120.0,0.15,0.5,8.0,0.85,0.5,0.5,0.07352941176470588,0.07352941176470588
2026-04-04,inbound_recepcion,inbound_recepcion_cr_esperados,0.0,0.0,22.0,0.12,0.25,8.0,0.85,0.25,0.25,0.03676470588235294,0.03676470588235294
2026-04-04,inbound_ubicacion,inbound_ubicacion_ep_esperados,0.0,0.0,28.0,0.12,0.25,8.0,0.85,0.25,0.25,0.03676470588235294,0.03676470588235294
2026-04-04,no_atribuible,picking_movs_no_atribuibles,0.0,3.0,100.0,0.15,0.25,8.0,0.85,0.25,0.2845,0.03676470588235294,0.04183823529411764
2026-04-04,picking_out,picking_movs_esperados,0.0,0.0,120.0,0.15,0.5,8.0,0.85,0.5,0.5,0.07352941176470588,0.07352941176470588
2026-04-05,inbound_recepcion,inbound_recepcion_cr_esperados,0.0,0.0,22.0,0.12,0.25,8.0,0.85,0.25,0.25,0.03676470588235294,0.03676470588235294
2026-04-05,inbound_ubicacion,inbound_ubicacion_ep_esperados,0.0,0.0,28.0,0.12,0.25,8.0,0.85,0.25,0.25,0.03676470588235294,0.03676470588235294
2026-04-05,no_atribuible,picking_movs_no_atribuibles,0.0,1.0,100.0,0.15,0.25,8.0,0.85,0.25,0.2615,0.03676470588235294,0.03845588235294118
2026-04-05,picking_out,picking_movs_esperados,0.0,0.0,120.0,0.15,0.5,8.0,0.85,0.5,0.5,0.07352941176470588,0.07352941176470588
2026-04-06,inbound_recepcion,inbound_recepcion_cr_esperados,31.243538918609637,113.65581378967569,22.0,0.12,0.25,8.0,0.85,1.840580163129218,6.036114156565309,0.27067355340135557,0.8876638465537219
2026-04-06,inbound_ubicacion,inbound_ubicacion_ep_esperados,17.64710284784524,98.95830621321129,28.0,0.12,0.25,8.0,0.85,0.9558841139138096,4.208332248528452,0.14057119322261905,0.6188723894894782
2026-04-06,no_atribuible,picking_movs_no_atribuibles,1.0,15.0,100.0,0.15,0.25,8.0,0.85,0.2615,0.4225,0.03845588235294118,0.06213235294117647
2026-04-06,picking_out,picking_movs_esperados,12.0,82.0,120.0,0.15,0.5,8.0,0.85,0.615,1.2858333333333332,0.09044117647058823,0.18909313725490193
2026-04-07,inbound_recepcion,inbound_recepcion_cr_esperados,7.878456135727516,31.82889975398638,22.0,0.12,0.25,8.0,0.85,0.6510850396370372,1.870380351112034,0.09574779994662312,0.27505593398706385
2026-04-07,inbound_ubicacion,inbound_ubicacion_ep_esperados,8.199578899476245,34.10268242866446,28.0,0.12,0.25,8.0,0.85,0.5779831559790498,1.6141072971465786,0.08499752293809557,0.23736872016861452
2026-04-07,no_atribuible,picking_movs_no_atribuibles,1.0,18.0,100.0,0.15,0.25,8.0,0.85,0.2615,0.45699999999999996,0.03845588235294118,0.06720588235294117
2026-04-07,picking_out,picking_movs_esperados,25.0,63.0,120.0,0.15,0.5,8.0,0.85,0.7395833333333333,1.10375,0.10876225490196077,0.16231617647058824
2026-04-08,inbound_recepcion,inbound_recepcion_cr_esperados,7.932001561149463,24.911100631723297,22.0,0.12,0.25,8.0,0.85,0.6538109885676091,1.5182014867059133,0.09614867478935428,0.22326492451557547
2026-04-08,inbound_ubicacion,inbound_ubicacion_ep_esperados,8.658537360861724,28.5925254391305,28.0,0.12,0.25,8.0,0.85,0.5963414944344689,1.3937010175652202,0.08769727859330426,0.20495603199488532
2026-04-08,no_atribuible,picking_movs_no_atribuibles,1.0,18.0,100.0,0.15,0.25,8.0,0.85,0.2615,0.45699999999999996,0.03845588235294118,0.06720588235294117
2026-04-08,picking_out,picking_movs_esperados,30.0,92.0,120.0,0.15,0.5,8.0,0.85,0.7875,1.3816666666666668,0.11580882352941177,0.20318627450980395
2026-04-09,inbound_recepcion,inbound_recepcion_cr_esperados,11.72700801369561,37.70075617998234,22.0,0.12,0.25,8.0,0.85,0.8470113170608674,2.169311223708192,0.12456048780306873,0.3190163564276753
2026-04-09,inbound_ubicacion,inbound_ubicacion_ep_esperados,9.226135867319005,40.33019797408963,28.0,0.12,0.25,8.0,0.85,0.6190454346927603,1.8632079189635853,0.09103609333717064,0.27400116455346846
2026-04-09,no_atribuible,picking_movs_no_atribuibles,1.0,22.0,100.0,0.15,0.25,8.0,0.85,0.2615,0.503,0.03845588235294118,0.07397058823529412
2026-04-09,picking_out,picking_movs_esperados,16.0,76.0,120.0,0.15,0.5,8.0,0.85,0.6533333333333333,1.2283333333333333,0.09607843137254903,0.18063725490196078
2026-04-10,inbound_recepcion,inbound_recepcion_cr_esperados,14.620052732573091,44.07293139738861,22.0,0.12,0.25,8.0,0.85,0.9942935936582665,2.4937128711397842,0.14621964612621566,0.3667224810499683
2026-04-10,inbound_ubicacion,inbound_ubicacion_ep_esperados,8.136166436031129,37.61941967134612,28.0,0.12,0.25,8.0,0.85,0.5754466574412451,1.7547767868538449,0.08462450844724194,0.25805540983144776
2026-04-10,no_atribuible,picking_movs_no_atribuibles,1.0,23.0,100.0,0.15,0.25,8.0,0.85,0.2615,0.5145,0.03845588235294118,0.07566176470588235
2026-04-10,picking_out,picking_movs_esperados,24.0,71.0,120.0,0.15,0.5,8.0,0.85,0.73,1.1804166666666667,0.10735294117647058,0.1735906862745098
2026-04-11,inbound_recepcion,inbound_recepcion_cr_esperados,0.0,0.0,22.0,0.12,0.25,8.0,0.85,0.25,0.25,0.03676470588235294,0.03676470588235294
2026-04-11,inbound_ubicacion,inbound_ubicacion_ep_esperados,0.0,0.0,28.0,0.12,0.25,8.0,0.85,0.25,0.25,0.03676470588235294,0.03676470588235294
2026-04-11,no_atribuible,picking_movs_no_atribuibles,0.0,2.0,100.0,0.15,0.25,8.0,0.85,0.25,0.273,0.03676470588235294,0.04014705882352942
2026-04-11,picking_out,picking_movs_esperados,0.0,0.0,120.0,0.15,0.5,8.0,0.85,0.5,0.5,0.07352941176470588,0.07352941176470588
2026-04-12,inbound_recepcion,inbound_recepcion_cr_esperados,0.0,0.0,22.0,0.12,0.25,8.0,0.85,0.25,0.25,0.03676470588235294,0.03676470588235294
2026-04-12,inbound_ubicacion,inbound_ubicacion_ep_esperados,0.0,0.0,28.0,0.12,0.25,8.0,0.85,0.25,0.25,0.03676470588235294,0.03676470588235294
2026-04-12,no_atribuible,picking_movs_no_atribuibles,0.0,1.0,100.0,0.15,0.25,8.0,0.85,0.25,0.2615,0.03676470588235294,0.03845588235294118
2026-04-12,picking_out,picking_movs_esperados,0.0,0.0,120.0,0.15,0.5,8.0,0.85,0.5,0.5,0.07352941176470588,0.07352941176470588
2026-04-13,inbound_recepcion,inbound_recepcion_cr_esperados,42.48436361904099,143.89580257512168,22.0,0.12,0.25,8.0,0.85,2.4128403296966323,7.575604494733468,0.35482946024950474,1.1140594845196277
2026-04-13,inbound_ubicacion,inbound_ubicacion_ep_esperados,30.095329023462693,123.58071429787998,28.0,0.12,0.25,8.0,0.85,1.4538131609385079,5.1932285719152,0.21379605307919233,0.7637100841051765
2026-04-13,no_atribuible,picking_movs_no_atribuibles,1.0,8.0,100.0,0.15,0.25,8.0,0.85,0.2615,0.34199999999999997,0.03845588235294118,0.05029411764705882
2026-04-13,picking_out,picking_movs_esperados,16.0,85.0,120.0,0.15,0.5,8.0,0.85,0.6533333333333333,1.3145833333333332,0.09607843137254903,0.19332107843137253
2026-04-14,inbound_recepcion,inbound_recepcion_cr_esperados,11.554337226147458,45.646158129784084,22.0,0.12,0.25,8.0,0.85,0.8382208042402343,2.573804413879917,0.12326776532944622,0.3785006490999878
2026-04-14,inbound_ubicacion,inbound_ubicacion_ep_esperados,12.274703673243982,49.64465645445182,28.0,0.12,0.25,8.0,0.85,0.7409881469297593,2.2357862581780727,0.10896884513672932,0.32879209679089305
2026-04-14,no_atribuible,picking_movs_no_atribuibles,1.0,12.0,100.0,0.15,0.25,8.0,0.85,0.2615,0.388,0.03845588235294118,0.057058823529411766
2026-04-14,picking_out,picking_movs_esperados,31.0,68.0,120.0,0.15,0.5,8.0,0.85,0.7970833333333334,1.1516666666666666,0.11721813725490197,0.16936274509803922
2026-04-15,inbound_recepcion,inbound_recepcion_cr_esperados,11.218980394227131,35.27411828293654,22.0,0.12,0.25,8.0,0.85,0.8211480927970176,2.045773294404042,0.12075707247014965,0.3008490138829474
2026-04-15,inbound_ubicacion,inbound_ubicacion_ep_esperados,12.427421871282153,41.00393919766194,28.0,0.12,0.25,8.0,0.85,0.7470968748512861,1.890157567906478,0.1098671874781303,0.27796434822154087
2026-04-15,no_atribuible,picking_movs_no_atribuibles,1.0,16.0,100.0,0.15,0.25,8.0,0.85,0.2615,0.434,0.03845588235294118,0.06382352941176471
2026-04-15,picking_out,picking_movs_esperados,33.0,95.0,120.0,0.15,0.5,8.0,0.85,0.8162499999999999,1.4104166666666664,0.12003676470588234,0.20741421568627447
2026-04-16,inbound_recepcion,inbound_recepcion_cr_esperados,15.808850605682718,52.52218191054024,22.0,0.12,0.25,8.0,0.85,1.0548142126529383,2.9238565336275038,0.15511973715484387,0.4299789020040447
2026-04-16,inbound_ubicacion,inbound_ubicacion_ep_esperados,13.80383519014071,59.111720947354776,28.0,0.12,0.25,8.0,0.85,0.8021534076056285,2.6144688378941914,0.11796373641259243,0.38448071145502816
2026-04-16,no_atribuible,picking_movs_no_atribuibles,1.0,15.0,100.0,0.15,0.25,8.0,0.85,0.2615,0.4225,0.03845588235294118,0.06213235294117647
2026-04-16,picking_out,picking_movs_esperados,19.0,79.0,120.0,0.15,0.5,8.0,0.85,0.6820833333333334,1.257083333333333,0.10030637254901961,0.18486519607843135
2026-04-17,inbound_recepcion,inbound_recepcion_cr_esperados,17.18556445079694,52.13488356525412,22.0,0.12,0.25,8.0,0.85,1.1249014629496625,2.904139526958392,0.16542668572789154,0.4270793421997635
2026-04-17,inbound_ubicacion,inbound_ubicacion_ep_esperados,9.646870784778706,44.826955842125386,28.0,0.12,0.25,8.0,0.85,0.6358748313911482,2.0430782336850157,0.09351100461634533,0.300452681424267
2026-04-17,no_atribuible,picking_movs_no_atribuibles,1.0,11.0,100.0,0.15,0.25,8.0,0.85,0.2615,0.3765,0.03845588235294118,0.05536764705882353
2026-04-17,picking_out,picking_movs_esperados,31.0,78.0,120.0,0.15,0.5,8.0,0.85,0.7970833333333334,1.2475,0.11721813725490197,0.1834558823529412
2026-04-18,inbound_recepcion,inbound_recepcion_cr_esperados,0.0,0.0,22.0,0.12,0.25,8.0,0.85,0.25,0.25,0.03676470588235294,0.03676470588235294
2026-04-18,inbound_ubicacion,inbound_ubicacion_ep_esperados,0.0,0.0,28.0,0.12,0.25,8.0,0.85,0.25,0.25,0.03676470588235294,0.03676470588235294
2026-04-18,no_atribuible,picking_movs_no_atribuibles,0.0,1.0,100.0,0.15,0.25,8.0,0.85,0.25,0.2615,0.03676470588235294,0.03845588235294118
2026-04-18,picking_out,picking_movs_esperados,0.0,0.0,120.0,0.15,0.5,8.0,0.85,0.5,0.5,0.07352941176470588,0.07352941176470588
2026-04-19,inbound_recepcion,inbound_recepcion_cr_esperados,0.0,0.0,22.0,0.12,0.25,8.0,0.85,0.25,0.25,0.03676470588235294,0.03676470588235294
2026-04-19,inbound_ubicacion,inbound_ubicacion_ep_esperados,0.0,0.0,28.0,0.12,0.25,8.0,0.85,0.25,0.25,0.03676470588235294,0.03676470588235294
2026-04-19,no_atribuible,picking_movs_no_atribuibles,0.0,1.0,100.0,0.15,0.25,8.0,0.85,0.25,0.2615,0.03676470588235294,0.03845588235294118
2026-04-19,picking_out,picking_movs_esperados,0.0,0.0,120.0,0.15,0.5,8.0,0.85,0.5,0.5,0.07352941176470588,0.07352941176470588
2026-04-20,inbound_recepcion,inbound_recepcion_cr_esperados,52.085321251912546,181.28983745594502,22.0,0.12,0.25,8.0,0.85,2.9016163546428206,9.47930081593902,0.42670828744747363,1.3940148258733853
2026-04-20,inbound_ubicacion,inbound_ubicacion_ep_esperados,36.94836452028605,154.4465067732874,28.0,0.12,0.25,8.0,0.85,1.727934580811442,6.427860270931497,0.25410802658991793,0.9452735692546319
2026-04-20,no_atribuible,picking_movs_no_atribuibles,1.0,9.0,100.0,0.15,0.25,8.0,0.85,0.2615,0.3535,0.03845588235294118,0.05198529411764706
2026-04-20,picking_out,picking_movs_esperados,18.0,87.0,120.0,0.15,0.5,8.0,0.85,0.6725,1.3337499999999998,0.09889705882352941,0.1961397058823529
2026-04-21,inbound_recepcion,inbound_recepcion_cr_esperados,15.584304227334975,63.42255175076881,22.0,0.12,0.25,8.0,0.85,1.043382760664326,3.4787844527664125,0.1534386412741656,0.5115859489362371
2026-04-21,inbound_ubicacion,inbound_ubicacion_ep_esperados,16.514885670238847,68.6261588103571,28.0,0.12,0.25,8.0,0.85,0.910595426809554,2.9950463524142843,0.13391109217787558,0.44044799300210064
2026-04-21,no_atribuible,picking_movs_no_atribuibles,1.0,13.0,100.0,0.15,0.25,8.0,0.85,0.2615,0.39949999999999997,0.03845588235294118,0.05875
2026-04-21,picking_out,picking_movs_esperados,37.0,74.0,120.0,0.15,0.5,8.0,0.85,0.8545833333333333,1.2091666666666665,0.12567401960784313,0.17781862745098037
2026-04-22,inbound_recepcion,inbound_recepcion_cr_esperados,14.424022375312441,45.762922985901284,22.0,0.12,0.25,8.0,0.85,0.9843138663795425,2.5797488065549743,0.14475203917346213,0.37937482449337856
2026-04-22,inbound_ubicacion,inbound_ubicacion_ep_esperados,16.05304797125234,53.03969560035951,28.0,0.12,0.25,8.0,0.85,0.8921219188500937,2.3715878240143806,0.13119439983089615,0.34876291529623243
2026-04-22,no_atribuible,picking_movs_no_atribuibles,1.0,15.0,100.0,0.15,0.25,8.0,0.85,0.2615,0.4225,0.03845588235294118,0.06213235294117647
2026-04-22,picking_out,picking_movs_esperados,40.0,103.0,120.0,0.15,0.5,8.0,0.85,0.8833333333333333,1.487083333333333,0.12990196078431374,0.21868872549019605
2026-04-23,inbound_recepcion,inbound_recepcion_cr_esperados,20.107722585956235,67.48588244787935,22.0,0.12,0.25,8.0,0.85,1.2736658771032265,3.6856449246193126,0.18730380545635686,0.5420066065616637
2026-04-23,inbound_ubicacion,inbound_ubicacion_ep_esperados,18.14692388877432,77.1900949596912,28.0,0.12,0.25,8.0,0.85,0.975876955550973,3.3376037983876476,0.14351131699279016,0.4908240879981835
2026-04-23,no_atribuible,picking_movs_no_atribuibles,1.0,13.0,100.0,0.15,0.25,8.0,0.85,0.2615,0.39949999999999997,0.03845588235294118,0.05875
2026-04-23,picking_out,picking_movs_esperados,22.0,82.0,120.0,0.15,0.5,8.0,0.85,0.7108333333333333,1.2858333333333332,0.1045343137254902,0.18909313725490193
2026-04-24,inbound_recepcion,inbound_recepcion_cr_esperados,20.652199561372154,62.550206783771685,22.0,0.12,0.25,8.0,0.85,1.3013847049425824,3.434374163537468,0.19138010366802682,0.5050550240496277
2026-04-24,inbound_ubicacion,inbound_ubicacion_ep_esperados,11.64887699063945,54.261962533026356,28.0,0.12,0.25,8.0,0.85,0.715955079625578,2.4204785013210546,0.10528751170964383,0.35595272078250806
2026-04-24,no_atribuible,picking_movs_no_atribuibles,1.0,11.0,100.0,0.15,0.25,8.0,0.85,0.2615,0.3765,0.03845588235294118,0.05536764705882353
2026-04-24,picking_out,picking_movs_esperados,29.0,75.0,120.0,0.15,0.5,8.0,0.85,0.7779166666666666,1.21875,0.11439950980392156,0.1792279411764706
2026-04-25,inbound_recepcion,inbound_recepcion_cr_esperados,0.0,0.0,22.0,0.12,0.25,8.0,0.85,0.25,0.25,0.03676470588235294,0.03676470588235294
2026-04-25,inbound_ubicacion,inbound_ubicacion_ep_esperados,0.0,0.0,28.0,0.12,0.25,8.0,0.85,0.25,0.25,0.03676470588235294,0.03676470588235294
2026-04-25,no_atribuible,picking_movs_no_atribuibles,0.0,1.0,100.0,0.15,0.25,8.0,0.85,0.25,0.2615,0.03676470588235294,0.03845588235294118
2026-04-25,picking_out,picking_movs_esperados,0.0,0.0,120.0,0.15,0.5,8.0,0.85,0.5,0.5,0.07352941176470588,0.07352941176470588
2026-04-26,inbound_recepcion,inbound_recepcion_cr_esperados,0.0,0.0,22.0,0.12,0.25,8.0,0.85,0.25,0.25,0.03676470588235294,0.03676470588235294
2026-04-26,inbound_ubicacion,inbound_ubicacion_ep_esperados,0.0,0.0,28.0,0.12,0.25,8.0,0.85,0.25,0.25,0.03676470588235294,0.03676470588235294
2026-04-26,no_atribuible,picking_movs_no_atribuibles,0.0,1.0,100.0,0.15,0.25,8.0,0.85,0.25,0.2615,0.03676470588235294,0.03845588235294118
2026-04-26,picking_out,picking_movs_esperados,0.0,0.0,120.0,0.15,0.5,8.0,0.85,0.5,0.5,0.07352941176470588,0.07352941176470588
2026-04-27,inbound_recepcion,inbound_recepcion_cr_esperados,58.22474205319092,201.8614050063026,22.0,0.12,0.25,8.0,0.85,3.2141686863442653,10.52658061850268,0.47267186563886254,1.5480265615445117
2026-04-27,inbound_ubicacion,inbound_ubicacion_ep_esperados,40.84416902299382,172.10858468647885,28.0,0.12,0.25,8.0,0.85,1.8837667609197528,7.134343387459155,0.27702452366466956,1.0491681452145816
2026-04-27,no_atribuible,picking_movs_no_atribuibles,1.0,7.0,100.0,0.15,0.25,8.0,0.85,0.2615,0.3305,0.03845588235294118,0.04860294117647059
2026-04-27,picking_out,picking_movs_esperados,18.0,88.0,120.0,0.15,0.5,8.0,0.85,0.6725,1.3433333333333333,0.09889705882352941,0.19754901960784313
2026-04-28,inbound_recepcion,inbound_recepcion_cr_esperados,16.10493687837062,65.65806053143191,22.0,0.12,0.25,8.0,0.85,1.0698876956261407,3.5925921725092618,0.15733642582737364,0.5283223783101856
2026-04-28,inbound_ubicacion,inbound_ubicacion_ep_esperados,17.1903680710059,71.16581942257042,28.0,0.12,0.25,8.0,0.85,0.937614722840236,3.096632776902817,0.13788451806474059,0.45538717307394366
2026-04-28,no_atribuible,picking_movs_no_atribuibles,1.0,12.0,100.0,0.15,0.25,8.0,0.85,0.2615,0.388,0.03845588235294118,0.057058823529411766
2026-04-28,picking_out,picking_movs_esperados,37.0,75.0,120.0,0.15,0.5,8.0,0.85,0.8545833333333333,1.21875,0.12567401960784313,0.1792279411764706
2026-04-29,inbound_recepcion,inbound_recepcion_cr_esperados,14.447034453297139,46.39027879929159,22.0,0.12,0.25,8.0,0.85,0.9854853903496725,2.6116869206912083,0.14492432211024597,0.38407160598400125
2026-04-29,inbound_ubicacion,inbound_ubicacion_ep_esperados,16.225388193908913,53.69497040258274,28.0,0.12,0.25,8.0,0.85,0.8990155277563565,2.3977988161033097,0.132208165846523,0.3526174729563691
2026-04-29,no_atribuible,picking_movs_no_atribuibles,1.0,13.0,100.0,0.15,0.25,8.0,0.85,0.2615,0.39949999999999997,0.03845588235294118,0.05875
2026-04-29,picking_out,picking_movs_esperados,38.0,100.0,120.0,0.15,0.5,8.0,0.85,0.8641666666666666,1.4583333333333333,0.12708333333333333,0.21446078431372548
2026-04-30,inbound_recepcion,inbound_recepcion_cr_esperados,20.800585840124572,69.6809861294911,22.0,0.12,0.25,8.0,0.85,1.308938915497251,3.797395657501365,0.19249101698488988,0.5584405378678479
2026-04-30,inbound_ubicacion,inbound_ubicacion_ep_esperados,19.224337051640692,80.86420224258356,28.0,0.12,0.25,8.0,0.85,1.0189734820656278,3.4845680897033424,0.1498490414802394,0.5124364837799034
2026-04-30,no_atribuible,picking_movs_no_atribuibles,0.0,10.0,100.0,0.15,0.25,8.0,0.85,0.25,0.365,0.03676470588235294,0.05367647058823529
2026-04-30,picking_out,picking_movs_esperados,27.0,87.0,120.0,0.15,0.5,8.0,0.85,0.75875,1.3337499999999998,0.11158088235294118,0.1961397058823529
2026-05-01,inbound_recepcion,inbound_recepcion_cr_esperados,0.0,0.0,22.0,0.12,0.25,8.0,0.85,0.25,0.25,0.03676470588235294,0.03676470588235294
2026-05-01,inbound_ubicacion,inbound_ubicacion_ep_esperados,0.0,0.0,28.0,0.12,0.25,8.0,0.85,0.25,0.25,0.03676470588235294,0.03676470588235294
2026-05-01,no_atribuible,picking_movs_no_atribuibles,0.0,11.0,100.0,0.15,0.25,8.0,0.85,0.25,0.3765,0.03676470588235294,0.05536764705882353
2026-05-01,picking_out,picking_movs_esperados,0.0,0.0,120.0,0.15,0.5,8.0,0.85,0.5,0.5,0.07352941176470588,0.07352941176470588
2026-05-02,inbound_recepcion,inbound_recepcion_cr_esperados,0.0,0.0,22.0,0.12,0.25,8.0,0.85,0.25,0.25,0.03676470588235294,0.03676470588235294
2026-05-02,inbound_ubicacion,inbound_ubicacion_ep_esperados,0.0,0.0,28.0,0.12,0.25,8.0,0.85,0.25,0.25,0.03676470588235294,0.03676470588235294
2026-05-02,no_atribuible,picking_movs_no_atribuibles,0.0,1.0,100.0,0.15,0.25,8.0,0.85,0.25,0.2615,0.03676470588235294,0.03845588235294118
2026-05-02,picking_out,picking_movs_esperados,0.0,0.0,120.0,0.15,0.5,8.0,0.85,0.5,0.5,0.07352941176470588,0.07352941176470588
2026-05-03,inbound_recepcion,inbound_recepcion_cr_esperados,0.0,0.0,22.0,0.12,0.25,8.0,0.85,0.25,0.25,0.03676470588235294,0.03676470588235294
2026-05-03,inbound_ubicacion,inbound_ubicacion_ep_esperados,0.0,0.0,28.0,0.12,0.25,8.0,0.85,0.25,0.25,0.03676470588235294,0.03676470588235294
2026-05-03,no_atribuible,picking_movs_no_atribuibles,0.0,1.0,100.0,0.15,0.25,8.0,0.85,0.25,0.2615,0.03676470588235294,0.03845588235294118
2026-05-03,picking_out,picking_movs_esperados,0.0,0.0,120.0,0.15,0.5,8.0,0.85,0.5,0.5,0.07352941176470588,0.07352941176470588
2026-05-04,inbound_recepcion,inbound_recepcion_cr_esperados,70.310724611628,176.61716260419712,22.0,0.12,0.25,8.0,0.85,3.829455071137426,9.241419187122762,0.5631551575202097,1.3590322334004064
2026-05-04,inbound_ubicacion,inbound_ubicacion_ep_esperados,43.240122534226906,192.20003071145294,28.0,0.12,0.25,8.0,0.85,1.9796049013690764,7.938001228458119,0.2911183678483936,1.1673531218320763
2026-05-04,no_atribuible,picking_movs_no_atribuibles,1.0,24.0,100.0,0.15,0.25,8.0,0.85,0.2615,0.526,0.03845588235294118,0.0773529411764706
2026-05-04,picking_out,picking_movs_esperados,24.0,125.0,120.0,0.15,0.5,8.0,0.85,0.73,1.6979166666666667,0.10735294117647058,0.24969362745098042
2026-05-05,inbound_recepcion,inbound_recepcion_cr_esperados,24.29776228255602,58.66131236116914,22.0,0.12,0.25,8.0,0.85,1.486976988930125,3.236394083841338,0.21867308660737134,0.4759403064472556
2026-05-05,inbound_ubicacion,inbound_ubicacion_ep_esperados,22.521374911370586,76.52388071876356,28.0,0.12,0.25,8.0,0.85,1.1508549964548234,3.3109552287505433,0.16924338183159168,0.48690518069860933
2026-05-05,no_atribuible,picking_movs_no_atribuibles,2.0,32.0,100.0,0.15,0.25,8.0,0.85,0.273,0.618,0.04014705882352942,0.09088235294117647
2026-05-05,picking_out,picking_movs_esperados,23.0,122.0,120.0,0.15,0.5,8.0,0.85,0.7204166666666667,1.6691666666666665,0.1059436274509804,0.2454656862745098
2026-05-06,inbound_recepcion,inbound_recepcion_cr_esperados,18.260601047326208,57.0285631071415,22.0,0.12,0.25,8.0,0.85,1.1796305987729707,3.1532723036362946,0.17347508805484865,0.46371651524063157
2026-05-06,inbound_ubicacion,inbound_ubicacion_ep_esperados,17.984351908828177,74.57150652929424,28.0,0.12,0.25,8.0,0.85,0.9693740763531272,3.2328602611717696,0.14255501122840106,0.4754206266429073
2026-05-06,no_atribuible,picking_movs_no_atribuibles,1.0,29.0,100.0,0.15,0.25,8.0,0.85,0.2615,0.5834999999999999,0.03845588235294118,0.08580882352941176
2026-05-06,picking_out,picking_movs_esperados,47.0,129.0,120.0,0.15,0.5,8.0,0.85,0.9504166666666667,1.7362499999999998,0.1397671568627451,0.25533088235294116
2026-05-07,inbound_recepcion,inbound_recepcion_cr_esperados,23.491161772092568,75.82840774597197,22.0,0.12,0.25,8.0,0.85,1.4459136902156218,4.110355303431301,0.2126343662081797,0.6044640152104854
2026-05-07,inbound_ubicacion,inbound_ubicacion_ep_esperados,24.98878390589694,103.47718222464385,28.0,0.12,0.25,8.0,0.85,1.2495513562358775,4.389087288985754,0.18375755238762906,0.6454540130861404
2026-05-07,no_atribuible,picking_movs_no_atribuibles,1.0,26.0,100.0,0.15,0.25,8.0,0.85,0.2615,0.5489999999999999,0.03845588235294118,0.08073529411764706
2026-05-07,picking_out,picking_movs_esperados,48.0,117.0,120.0,0.15,0.5,8.0,0.85,0.96,1.6212499999999999,0.1411764705882353,0.2384191176470588
2026-05-08,inbound_recepcion,inbound_recepcion_cr_esperados,19.53035106324573,61.29104577962992,22.0,0.12,0.25,8.0,0.85,1.2442724177652371,3.3702714215084324,0.18298123790665252,0.4956281502218283
2026-05-08,inbound_ubicacion,inbound_ubicacion_ep_esperados,18.61499393653892,70.44073293682055,28.0,0.12,0.25,8.0,0.85,0.9945997574615569,3.0676293174728224,0.14626467021493483,0.4511219584518857
2026-05-08,no_atribuible,picking_movs_no_atribuibles,1.0,30.0,100.0,0.15,0.25,8.0,0.85,0.2615,0.595,0.03845588235294118,0.0875
2026-05-08,picking_out,picking_movs_esperados,28.0,81.0,120.0,0.15,0.5,8.0,0.85,0.7683333333333333,1.27625,0.11299019607843137,0.1876838235294118
2026-05-09,inbound_recepcion,inbound_recepcion_cr_esperados,0.0,0.0,22.0,0.12,0.25,8.0,0.85,0.25,0.25,0.03676470588235294,0.03676470588235294
2026-05-09,inbound_ubicacion,inbound_ubicacion_ep_esperados,0.0,0.0,28.0,0.12,0.25,8.0,0.85,0.25,0.25,0.03676470588235294,0.03676470588235294
2026-05-09,no_atribuible,picking_movs_no_atribuibles,0.0,1.0,100.0,0.15,0.25,8.0,0.85,0.25,0.2615,0.03676470588235294,0.03845588235294118
2026-05-09,picking_out,picking_movs_esperados,0.0,0.0,120.0,0.15,0.5,8.0,0.85,0.5,0.5,0.07352941176470588,0.07352941176470588
2026-05-10,inbound_recepcion,inbound_recepcion_cr_esperados,0.0,0.0,22.0,0.12,0.25,8.0,0.85,0.25,0.25,0.03676470588235294,0.03676470588235294
2026-05-10,inbound_ubicacion,inbound_ubicacion_ep_esperados,0.0,0.0,28.0,0.12,0.25,8.0,0.85,0.25,0.25,0.03676470588235294,0.03676470588235294
2026-05-10,no_atribuible,picking_movs_no_atribuibles,0.0,1.0,100.0,0.15,0.25,8.0,0.85,0.25,0.2615,0.03676470588235294,0.03845588235294118
2026-05-10,picking_out,picking_movs_esperados,0.0,0.0,120.0,0.15,0.5,8.0,0.85,0.5,0.5,0.07352941176470588,0.07352941176470588
2026-05-11,inbound_recepcion,inbound_recepcion_cr_esperados,56.26284991149841,167.54636772746414,22.0,0.12,0.25,8.0,0.85,3.11429054094901,8.779633266125447,0.4579839030807368,1.2911225391360952
2026-05-11,inbound_ubicacion,inbound_ubicacion_ep_esperados,44.193559447234925,193.11810422941582,28.0,0.12,0.25,8.0,0.85,2.0177423778893973,7.974724169176634,0.2967268202778525,1.1727535542906815
2026-05-11,no_atribuible,picking_movs_no_atribuibles,0.0,20.0,100.0,0.15,0.25,8.0,0.85,0.25,0.48,0.03676470588235294,0.07058823529411765
2026-05-11,picking_out,picking_movs_esperados,27.0,127.0,120.0,0.15,0.5,8.0,0.85,0.75875,1.7170833333333333,0.11158088235294118,0.2525122549019608
2026-05-12,inbound_recepcion,inbound_recepcion_cr_esperados,28.831058261362713,69.81460302480875,22.0,0.12,0.25,8.0,0.85,1.717762966033011,3.804197972172082,0.2526122008872075,0.5594408782606003
2026-05-12,inbound_ubicacion,inbound_ubicacion_ep_esperados,26.777020059489622,88.78538894434033,28.0,0.12,0.25,8.0,0.85,1.321080802379585,3.8014155577736135,0.19427658858523308,0.5590316996725903
2026-05-12,no_atribuible,picking_movs_no_atribuibles,1.0,20.0,100.0,0.15,0.25,8.0,0.85,0.2615,0.48,0.03845588235294118,0.07058823529411765
2026-05-12,picking_out,picking_movs_esperados,24.0,123.0,120.0,0.15,0.5,8.0,0.85,0.73,1.6787499999999997,0.10735294117647058,0.24687499999999996
2026-05-13,inbound_recepcion,inbound_recepcion_cr_esperados,21.22792749037269,66.6435262296189,22.0,0.12,0.25,8.0,0.85,1.3306944904189733,3.6427613353260533,0.1956903662380843,0.5357001963714785
2026-05-13,inbound_ubicacion,inbound_ubicacion_ep_esperados,20.840536008027478,86.4101670740817,28.0,0.12,0.25,8.0,0.85,1.083621440321099,3.7064066829632685,0.1593560941648675,0.5450598063181278
2026-05-13,no_atribuible,picking_movs_no_atribuibles,1.0,26.0,100.0,0.15,0.25,8.0,0.85,0.2615,0.5489999999999999,0.03845588235294118,0.08073529411764706
2026-05-13,picking_out,picking_movs_esperados,43.0,125.0,120.0,0.15,0.5,8.0,0.85,0.9120833333333334,1.6979166666666667,0.1341299019607843,0.24969362745098042
2026-05-14,inbound_recepcion,inbound_recepcion_cr_esperados,27.26485624504125,89.1605131854889,22.0,0.12,0.25,8.0,0.85,1.6380290452021002,4.789080671261253,0.2408866242944265,0.7042765693031254
2026-05-14,inbound_ubicacion,inbound_ubicacion_ep_esperados,28.744021314115532,119.41300135964936,28.0,0.12,0.25,8.0,0.85,1.3997608525646212,5.0265200543859745,0.2058471842006796,0.7391941256449963
2026-05-14,no_atribuible,picking_movs_no_atribuibles,1.0,21.0,100.0,0.15,0.25,8.0,0.85,0.2615,0.49149999999999994,0.03845588235294118,0.07227941176470587
2026-05-14,picking_out,picking_movs_esperados,17.0,86.0,120.0,0.15,0.5,8.0,0.85,0.6629166666666666,1.3241666666666667,0.0974877450980392,0.19473039215686275
2026-05-15,inbound_recepcion,inbound_recepcion_cr_esperados,0.0,0.0,22.0,0.12,0.25,8.0,0.85,0.25,0.25,0.03676470588235294,0.03676470588235294
2026-05-15,inbound_ubicacion,inbound_ubicacion_ep_esperados,0.0,0.0,28.0,0.12,0.25,8.0,0.85,0.25,0.25,0.03676470588235294,0.03676470588235294
2026-05-15,no_atribuible,picking_movs_no_atribuibles,0.0,16.0,100.0,0.15,0.25,8.0,0.85,0.25,0.434,0.03676470588235294,0.06382352941176471
2026-05-15,picking_out,picking_movs_esperados,0.0,0.0,120.0,0.15,0.5,8.0,0.85,0.5,0.5,0.07352941176470588,0.07352941176470588
2026-05-16,inbound_recepcion,inbound_recepcion_cr_esperados,0.0,0.0,22.0,0.12,0.25,8.0,0.85,0.25,0.25,0.03676470588235294,0.03676470588235294
2026-05-16,inbound_ubicacion,inbound_ubicacion_ep_esperados,0.0,0.0,28.0,0.12,0.25,8.0,0.85,0.25,0.25,0.03676470588235294,0.03676470588235294
2026-05-16,no_atribuible,picking_movs_no_atribuibles,0.0,2.0,100.0,0.15,0.25,8.0,0.85,0.25,0.273,0.03676470588235294,0.04014705882352942
2026-05-16,picking_out,picking_movs_esperados,0.0,0.0,120.0,0.15,0.5,8.0,0.85,0.5,0.5,0.07352941176470588,0.07352941176470588
2026-05-17,inbound_recepcion,inbound_recepcion_cr_esperados,0.0,0.0,22.0,0.12,0.25,8.0,0.85,0.25,0.25,0.03676470588235294,0.03676470588235294
2026-05-17,inbound_ubicacion,inbound_ubicacion_ep_esperados,0.0,0.0,28.0,0.12,0.25,8.0,0.85,0.25,0.25,0.03676470588235294,0.03676470588235294
2026-05-17,no_atribuible,picking_movs_no_atribuibles,0.0,1.0,100.0,0.15,0.25,8.0,0.85,0.25,0.2615,0.03676470588235294,0.03845588235294118
2026-05-17,picking_out,picking_movs_esperados,0.0,0.0,120.0,0.15,0.5,8.0,0.85,0.5,0.5,0.07352941176470588,0.07352941176470588
2026-05-18,inbound_recepcion,inbound_recepcion_cr_esperados,64.09850539890874,210.6071425293527,22.0,0.12,0.25,8.0,0.85,3.5131966384899,10.971818165130685,0.5166465644838089,1.6135026713427478
2026-05-18,inbound_ubicacion,inbound_ubicacion_ep_esperados,59.67703004419147,231.89111976963318,28.0,0.12,0.25,8.0,0.85,2.6370812017676593,9.525644790785329,0.3878060590834793,1.40083011629196
2026-05-18,no_atribuible,picking_movs_no_atribuibles,0.0,0.0,100.0,0.15,0.25,8.0,0.85,0.25,0.25,0.03676470588235294,0.03676470588235294
2026-05-18,picking_out,picking_movs_esperados,0.0,101.0,120.0,0.15,0.5,8.0,0.85,0.5,1.4679166666666665,0.07352941176470588,0.21587009803921567
2026-05-19,inbound_recepcion,inbound_recepcion_cr_esperados,9.734971782637292,25.401072977035444,22.0,0.12,0.25,8.0,0.85,0.7455985634797166,1.54314553337635,0.10964684757054657,0.22693316667299265
2026-05-19,inbound_ubicacion,inbound_ubicacion_ep_esperados,9.98076481534144,28.07024908194536,28.0,0.12,0.25,8.0,0.85,0.6492305926136577,1.3728099632778146,0.09547508714906731,0.20188381812909037
2026-05-19,no_atribuible,picking_movs_no_atribuibles,0.0,0.0,100.0,0.15,0.25,8.0,0.85,0.25,0.25,0.03676470588235294,0.03676470588235294
2026-05-19,picking_out,picking_movs_esperados,0.0,98.0,120.0,0.15,0.5,8.0,0.85,0.5,1.4391666666666665,0.07352941176470588,0.21164215686274507
2026-05-20,inbound_recepcion,inbound_recepcion_cr_esperados,2.9544044538411804,13.294820042285323,22.0,0.12,0.25,8.0,0.85,0.4004060449228237,0.9268272021527075,0.05888324190041525,0.13629811796363347
2026-05-20,inbound_ubicacion,inbound_ubicacion_ep_esperados,3.5360083876901864,20.862449487372107,28.0,0.12,0.25,8.0,0.85,0.3914403355076075,1.0844979794948844,0.05756475522170698,0.15948499698454183
2026-05-20,no_atribuible,picking_movs_no_atribuibles,0.0,0.0,100.0,0.15,0.25,8.0,0.85,0.25,0.25,0.03676470588235294,0.03676470588235294
2026-05-20,picking_out,picking_movs_esperados,0.0,82.0,120.0,0.15,0.5,8.0,0.85,0.5,1.2858333333333332,0.07352941176470588,0.18909313725490193
